Passenger Class,Sex,Age,No of Siblings or Spouses on Board,No of Parents or Children on Board,Passenger Fare,Port of Embarkation
First,Female,29,0,0,211.3375,Southampton
First,Male,0.9167,1,2,151.55,Southampton
First,Female,2,1,2,151.55,Southampton
First,Male,30,1,2,151.55,Southampton
First,Female,25,1,2,151.55,Southampton
First,Male,48,0,0,26.55,Southampton
First,Female,63,1,0,77.9583,Southampton
First,Male,39,0,0,0,Southampton
First,Female,53,2,0,51.4792,Southampton
First,Male,71,0,0,49.5042,Cherbourg
First,Male,47,1,0,227.525,Cherbourg
First,Female,18,1,0,227.525,Cherbourg
First,Female,24,0,0,69.3,Cherbourg
First,Female,26,0,0,78.85,Southampton
First,Male,80,0,0,30,Southampton
First,Male,41,0,0,25.925,Southampton
First,Male,24,0,1,247.5208,Cherbourg
First,Female,50,0,1,247.5208,Cherbourg
First,Female,32,0,0,76.2917,Cherbourg
First,Male,36,0,0,75.2417,Cherbourg
First,Male,37,1,1,52.5542,Southampton
First,Female,47,1,1,52.5542,Southampton
First,Male,26,0,0,30,Cherbourg
First,Female,42,0,0,227.525,Cherbourg
First,Female,29,0,0,221.7792,Southampton
First,Male,25,0,0,26,Cherbourg
First,Male,25,1,0,91.0792,Cherbourg
First,Female,19,1,0,91.0792,Cherbourg
First,Female,35,0,0,135.6333,Southampton
First,Male,28,0,0,26.55,Southampton
First,Male,45,0,0,35.5,Southampton
First,Male,40,0,0,31,Cherbourg
First,Female,30,0,0,164.8667,Southampton
First,Female,58,0,0,26.55,Southampton
First,Male,42,0,0,26.55,Southampton
First,Female,45,0,0,262.375,Cherbourg
First,Female,22,0,1,55,Southampton
First,Male,41,0,0,26.55,Southampton
First,Male,41,0,0,30.5,Southampton
First,Male,48,0,0,50.4958,Cherbourg
First,Male,41,0,0,39.6,Cherbourg
First,Female,44,0,0,27.7208,Cherbourg
First,Female,59,2,0,51.4792,Southampton
First,Female,60,0,0,76.2917,Cherbourg
First,Female,41,0,0,134.5,Cherbourg
First,Male,45,0,0,26.55,Southampton
First,Male,35,0,0,31,Southampton
First,Male,42,0,0,26.2875,Southampton
First,Female,53,0,0,27.4458,Cherbourg
First,Male,36,0,1,512.3292,Cherbourg
First,Female,58,0,1,512.3292,Cherbourg
First,Male,33,0,0,5,Southampton
First,Male,28,0,0,47.1,Southampton
First,Male,17,0,0,47.1,Southampton
First,Male,11,1,2,120,Southampton
First,Female,14,1,2,120,Southampton
First,Male,36,1,2,120,Southampton
First,Female,36,1,2,120,Southampton
First,Male,49,0,0,26,Southampton
First,Female,40,0,0,27.7208,Cherbourg
First,Male,36,1,0,78.85,Southampton
First,Female,76,1,0,78.85,Southampton
First,Male,46,1,0,61.175,Southampton
First,Female,47,1,0,61.175,Southampton
First,Male,27,1,0,53.1,Southampton
First,Female,33,1,0,53.1,Southampton
First,Female,36,0,0,262.375,Cherbourg
First,Female,30,0,0,86.5,Southampton
First,Male,45,0,0,29.7,Cherbourg
First,Female,27,0,1,55,Southampton
First,Male,41,0,0,0,Southampton
First,Male,27,1,0,136.7792,Cherbourg
First,Female,26,1,0,136.7792,Cherbourg
First,Female,22,0,0,151.55,Southampton
First,Male,39,0,0,52,Southampton
First,Male,47,0,0,25.5875,Southampton
First,Female,39,1,1,83.1583,Cherbourg
First,Male,37,1,1,83.1583,Cherbourg
First,Female,64,0,2,83.1583,Cherbourg
First,Female,55,2,0,25.7,Southampton
First,Male,40,0,0,26.55,Southampton
First,Male,70,1,1,71,Southampton
First,Female,36,0,2,71,Southampton
First,Female,64,1,1,26.55,Southampton
First,Male,39,1,0,71.2833,Cherbourg
First,Female,38,1,0,71.2833,Cherbourg
First,Male,51,0,0,26.55,Southampton
First,Male,27,0,0,30.5,Southampton
First,Female,33,0,0,151.55,Southampton
First,Male,31,1,0,52,Southampton
First,Female,27,1,2,52,Southampton
First,Male,31,1,0,57,Southampton
First,Female,17,1,0,57,Southampton
First,Male,53,1,1,81.8583,Southampton
First,Male,4,0,2,81.8583,Southampton
First,Female,54,1,1,81.8583,Southampton
First,Male,50,1,0,106.425,Cherbourg
First,Female,27,1,1,247.5208,Cherbourg
First,Female,48,1,0,106.425,Cherbourg
First,Female,48,1,0,39.6,Cherbourg
First,Male,49,1,0,56.9292,Cherbourg
First,Male,39,0,0,29.7,Cherbourg
First,Female,23,0,1,83.1583,Cherbourg
First,Female,38,0,0,227.525,Cherbourg
First,Female,54,1,0,78.2667,Cherbourg
First,Female,36,0,0,31.6792,Cherbourg
First,Male,43,0,0,221.7792,Southampton
First,Female,39,0,0,31.6833,Southampton
First,Female,40,0,0,110.8833,Cherbourg
First,Male,36,0,0,26.3875,Southampton
First,Male,30,0,0,27.75,Cherbourg
First,Female,24,3,2,263,Southampton
First,Female,28,3,2,263,Southampton
First,Female,23,3,2,263,Southampton
First,Male,19,3,2,263,Southampton
First,Male,64,1,4,263,Southampton
First,Female,60,1,4,263,Southampton
First,Female,30,0,0,56.9292,Cherbourg
First,Male,40,0,0,26.55,Southampton
First,Male,50,2,0,133.65,Southampton
First,Male,43,1,0,27.7208,Cherbourg
First,Female,45,1,0,133.65,Southampton
First,Female,22,0,2,49.5,Cherbourg
First,Male,60,1,1,79.2,Cherbourg
First,Female,48,1,1,79.2,Cherbourg
First,Male,41,0,0,0,Southampton
First,Male,37,1,0,53.1,Southampton
First,Female,35,1,0,53.1,Southampton
First,Male,47,0,0,38.5,Southampton
First,Female,35,0,0,211.5,Cherbourg
First,Female,22,0,1,59.4,Cherbourg
First,Female,45,0,1,59.4,Cherbourg
First,Male,24,0,0,79.2,Cherbourg
First,Male,49,1,0,89.1042,Cherbourg
First,Female,44,1,0,89.1042,Cherbourg
First,Male,71,0,0,34.6542,Cherbourg
First,Male,53,0,0,28.5,Cherbourg
First,Female,19,0,0,30,Southampton
First,Male,38,0,1,153.4625,Southampton
First,Female,58,0,1,153.4625,Southampton
First,Male,23,0,1,63.3583,Cherbourg
First,Female,45,0,1,63.3583,Cherbourg
First,Male,46,0,0,79.2,Cherbourg
First,Male,25,1,0,55.4417,Cherbourg
First,Female,25,1,0,55.4417,Cherbourg
First,Male,48,1,0,76.7292,Cherbourg
First,Female,49,1,0,76.7292,Cherbourg
First,Male,40,0,0,42.4,Southampton
First,Male,45,1,0,83.475,Southampton
First,Female,35,1,0,83.475,Southampton
First,Male,40,0,0,0,Southampton
First,Male,27,0,0,76.7292,Cherbourg
First,Male,40,0,0,30,Southampton
First,Female,24,0,0,83.1583,Cherbourg
First,Male,55,1,1,93.5,Southampton
First,Female,52,1,1,93.5,Southampton
First,Male,42,0,0,42.5,Southampton
First,Male,39,0,0,51.8625,Southampton
First,Male,55,0,0,50,Southampton
First,Female,16,0,1,57.9792,Cherbourg
First,Female,44,0,1,57.9792,Cherbourg
First,Female,51,1,0,77.9583,Southampton
First,Male,42,1,0,52,Southampton
First,Female,35,1,0,52,Southampton
First,Male,35,0,0,26.55,Cherbourg
First,Male,38,1,0,90,Southampton
First,Male,38,0,0,30.6958,Cherbourg
First,Female,35,1,0,90,Southampton
First,Female,38,0,0,80,Cherbourg
First,Female,50,0,0,28.7125,Cherbourg
First,Male,49,0,0,0,Southampton
First,Male,46,0,0,26,Southampton
First,Male,50,0,0,26,Southampton
First,Male,32.5,0,0,211.5,Cherbourg
First,Male,58,0,0,29.7,Cherbourg
First,Male,41,1,0,51.8625,Southampton
First,Female,41,1,0,51.8625,Southampton
First,Male,42,1,0,52.5542,Southampton
First,Female,45,1,0,52.5542,Southampton
First,Male,42,0,0,26.55,Southampton
First,Female,39,0,0,211.3375,Southampton
First,Female,49,0,0,25.9292,Southampton
First,Female,30,0,0,106.425,Cherbourg
First,Male,35,0,0,512.3292,Cherbourg
First,Male,39,0,0,27.7208,Cherbourg
First,Male,42,0,0,26.55,Southampton
First,Female,55,0,0,27.7208,Cherbourg
First,Female,16,0,1,39.4,Southampton
First,Female,51,0,1,39.4,Southampton
First,Male,29,0,0,30,Southampton
First,Female,21,0,0,77.9583,Southampton
First,Male,30,0,0,45.5,Southampton
First,Female,58,0,0,146.5208,Cherbourg
First,Female,15,0,1,211.3375,Southampton
First,Male,30,0,0,26,Southampton
First,Female,16,0,0,86.5,Southampton
First,Male,45,0,0,29.7,Cherbourg
First,Male,19,1,0,53.1,Southampton
First,Female,18,1,0,53.1,Southampton
First,Female,24,0,0,49.5042,Cherbourg
First,Male,46,0,0,75.2417,Cherbourg
First,Male,54,0,0,51.8625,Southampton
First,Male,36,0,0,26.2875,Southampton
First,Male,28,1,0,82.1708,Cherbourg
First,Female,38,1,0,82.1708,Cherbourg
First,Male,65,0,0,26.55,Southampton
First,Male,44,2,0,90,Queenstown
First,Female,33,1,0,90,Queenstown
First,Female,37,1,0,90,Queenstown
First,Male,30,1,0,57.75,Cherbourg
First,Male,55,0,0,30.5,Southampton
First,Male,47,0,0,42.4,Southampton
First,Male,37,0,1,29.7,Cherbourg
First,Female,31,1,0,113.275,Cherbourg
First,Female,23,1,0,113.275,Cherbourg
First,Male,58,0,2,113.275,Cherbourg
First,Female,19,0,2,26.2833,Southampton
First,Male,64,0,0,26,Southampton
First,Female,39,0,0,108.9,Cherbourg
First,Male,41,0,0,25.7417,Cherbourg
First,Female,22,0,1,61.9792,Cherbourg
First,Male,65,0,1,61.9792,Cherbourg
First,Male,28.5,0,0,27.7208,Cherbourg
First,Male,41,0,0,0,Southampton
First,Male,45.5,0,0,28.5,Southampton
First,Male,23,0,0,93.5,Southampton
First,Male,29,1,0,66.6,Southampton
First,Female,22,1,0,66.6,Southampton
First,Male,18,1,0,108.9,Cherbourg
First,Female,17,1,0,108.9,Cherbourg
First,Female,30,0,0,93.5,Southampton
First,Male,52,0,0,30.5,Southampton
First,Male,47,0,0,52,Southampton
First,Female,56,0,1,83.1583,Cherbourg
First,Male,38,0,0,0,Southampton
First,Male,39,0,0,39.6,Southampton
First,Male,22,0,0,135.6333,Cherbourg
First,Male,39,0,0,227.525,Cherbourg
First,Female,43,0,1,211.3375,Southampton
First,Male,31,0,0,50.4958,Southampton
First,Male,45,0,0,26.55,Southampton
First,Male,38,0,0,50,Southampton
First,Female,33,0,0,27.7208,Cherbourg
First,Male,46,0,0,79.2,Cherbourg
First,Male,36,0,0,40.125,Cherbourg
First,Female,33,0,0,86.5,Southampton
First,Male,55,1,0,59.4,Cherbourg
First,Female,54,1,0,59.4,Cherbourg
First,Male,33,0,0,26.55,Southampton
First,Male,13,2,2,262.375,Cherbourg
First,Female,18,2,2,262.375,Cherbourg
First,Female,21,2,2,262.375,Cherbourg
First,Male,61,1,3,262.375,Cherbourg
First,Female,48,1,3,262.375,Cherbourg
First,Male,44,0,0,30.5,Southampton
First,Female,24,0,0,69.3,Cherbourg
First,Male,40,0,0,26,Southampton
First,Female,35,1,0,57.75,Cherbourg
First,Female,30,0,0,31,Cherbourg
First,Male,34,0,0,26.55,Southampton
First,Female,40,0,0,153.4625,Southampton
First,Male,35,0,0,26.2875,Southampton
First,Male,50,1,0,55.9,Southampton
First,Female,39,1,0,55.9,Southampton
First,Male,56,0,0,35.5,Cherbourg
First,Male,28,0,0,35.5,Southampton
First,Male,56,0,0,26.55,Southampton
First,Male,56,0,0,30.6958,Cherbourg
First,Male,24,1,0,60,Southampton
First,Male,40,0,0,26,Southampton
First,Female,18,1,0,60,Southampton
First,Male,24,1,0,82.2667,Southampton
First,Female,23,1,0,82.2667,Southampton
First,Male,6,0,2,134.5,Cherbourg
First,Male,45,1,1,134.5,Cherbourg
First,Female,40,1,1,134.5,Cherbourg
First,Male,57,1,0,146.5208,Cherbourg
First,Female,40,1,0,146.5208,Cherbourg
First,Male,32,0,0,30.5,Cherbourg
First,Male,62,0,0,26.55,Southampton
First,Male,54,1,0,55.4417,Cherbourg
First,Female,43,1,0,55.4417,Cherbourg
First,Female,52,1,0,78.2667,Cherbourg
First,Male,39,0,0,27.7208,Cherbourg
First,Female,62,0,0,80,Cherbourg
First,Male,67,1,0,221.7792,Southampton
First,Female,63,1,0,221.7792,Southampton
First,Male,61,0,0,32.3208,Southampton
First,Female,48,0,0,25.9292,Southampton
First,Female,18,0,2,79.65,Southampton
First,Male,52,1,1,79.65,Southampton
First,Female,39,1,1,79.65,Southampton
First,Male,48,1,0,52,Southampton
First,Female,40,1,0,52,Southampton
First,Male,49,1,1,110.8833,Cherbourg
First,Male,17,0,2,110.8833,Cherbourg
First,Female,39,1,1,110.8833,Cherbourg
First,Female,39,0,0,79.2,Cherbourg
First,Male,31,0,0,28.5375,Cherbourg
First,Male,40,0,0,27.7208,Cherbourg
First,Male,61,0,0,33.5,Southampton
First,Male,47,0,0,34.0208,Southampton
First,Female,35,0,0,512.3292,Cherbourg
First,Male,64,1,0,75.25,Cherbourg
First,Female,60,1,0,75.25,Cherbourg
First,Male,60,0,0,26.55,Southampton
First,Male,54,0,1,77.2875,Southampton
First,Male,21,0,1,77.2875,Southampton
First,Female,55,0,0,135.6333,Cherbourg
First,Female,31,0,2,164.8667,Southampton
First,Male,57,1,1,164.8667,Southampton
First,Female,45,1,1,164.8667,Southampton
First,Male,50,1,1,211.5,Cherbourg
First,Male,27,0,2,211.5,Cherbourg
First,Female,50,1,1,211.5,Cherbourg
First,Female,21,0,0,26.55,Southampton
First,Male,51,0,1,61.3792,Cherbourg
First,Male,21,0,1,61.3792,Cherbourg
First,Male,40,0,0,35,Southampton
First,Female,31,0,0,134.5,Cherbourg
First,Male,40,0,0,35.5,Southampton
First,Male,62,0,0,26.55,Southampton
First,Female,36,0,0,135.6333,Cherbourg
Second,Male,30,1,0,24,Cherbourg
Second,Female,28,1,0,24,Cherbourg
Second,Male,30,0,0,13,Southampton
Second,Male,18,0,0,11.5,Southampton
Second,Male,25,0,0,10.5,Southampton
Second,Male,34,1,0,26,Southampton
Second,Female,36,1,0,26,Southampton
Second,Male,57,0,0,13,Southampton
Second,Male,18,0,0,11.5,Southampton
Second,Male,23,0,0,10.5,Southampton
Second,Female,36,0,0,13,Southampton
Second,Male,28,0,0,10.5,Southampton
Second,Male,51,0,0,12.525,Southampton
Second,Male,32,1,0,26,Southampton
Second,Female,19,1,0,26,Southampton
Second,Male,28,0,0,26,Southampton
Second,Male,1,2,1,39,Southampton
Second,Female,4,2,1,39,Southampton
Second,Female,12,2,1,39,Southampton
Second,Female,36,0,3,39,Southampton
Second,Male,34,0,0,13,Southampton
Second,Female,19,0,0,13,Southampton
Second,Male,23,0,0,13,Southampton
Second,Male,26,0,0,13,Southampton
Second,Male,42,0,0,13,Southampton
Second,Male,27,0,0,13,Southampton
Second,Female,24,0,0,13,Southampton
Second,Female,15,0,2,39,Southampton
Second,Male,60,1,1,39,Southampton
Second,Female,40,1,1,39,Southampton
Second,Female,20,1,0,26,Southampton
Second,Male,25,1,0,26,Southampton
Second,Female,36,0,0,13,Southampton
Second,Male,25,0,0,13,Southampton
Second,Male,42,0,0,13,Southampton
Second,Female,42,0,0,13,Southampton
Second,Male,0.8333,0,2,29,Southampton
Second,Male,26,1,1,29,Southampton
Second,Female,22,1,1,29,Southampton
Second,Female,35,0,0,21,Southampton
Second,Male,39,0,0,0,Southampton
Second,Male,19,0,0,13,Southampton
Second,Female,44,1,0,26,Southampton
Second,Male,54,1,0,26,Southampton
Second,Male,52,0,0,13.5,Southampton
Second,Male,37,1,0,26,Southampton
Second,Female,29,1,0,26,Southampton
Second,Female,25,1,1,30,Southampton
Second,Female,45,0,2,30,Southampton
Second,Male,29,1,0,26,Southampton
Second,Female,28,1,0,26,Southampton
Second,Male,29,0,0,10.5,Southampton
Second,Male,28,0,0,13,Southampton
Second,Male,24,0,0,10.5,Southampton
Second,Female,8,0,2,26.25,Southampton
Second,Male,31,1,1,26.25,Southampton
Second,Female,31,1,1,26.25,Southampton
Second,Female,22,0,0,10.5,Southampton
Second,Female,30,0,0,13,Southampton
Second,Female,31,0,0,21,Southampton
Second,Male,21,0,0,11.5,Southampton
Second,Male,38,0,0,0,Southampton
Second,Male,8,1,1,36.75,Southampton
Second,Male,18,0,0,73.5,Southampton
Second,Female,48,0,2,36.75,Southampton
Second,Female,28,0,0,13,Southampton
Second,Male,32,0,0,13,Southampton
Second,Male,17,0,0,73.5,Southampton
Second,Male,29,1,0,27.7208,Cherbourg
Second,Female,24,1,0,27.7208,Cherbourg
Second,Male,25,0,0,31.5,Southampton
Second,Male,18,0,0,73.5,Southampton
Second,Female,18,0,1,23,Southampton
Second,Female,34,0,1,23,Southampton
Second,Male,54,0,0,26,Southampton
Second,Male,8,0,2,32.5,Southampton
Second,Male,42,1,1,32.5,Southampton
Second,Female,34,1,1,32.5,Southampton
Second,Female,27,1,0,13.8583,Cherbourg
Second,Female,30,1,0,13.8583,Cherbourg
Second,Male,23,0,0,13,Southampton
Second,Male,21,0,0,13,Southampton
Second,Male,18,0,0,13,Southampton
Second,Male,40,1,0,26,Southampton
Second,Female,29,1,0,26,Southampton
Second,Male,18,0,0,10.5,Southampton
Second,Male,36,0,0,13,Southampton
Second,Male,41,0,0,0,Southampton
Second,Female,38,0,0,13,Southampton
Second,Male,35,0,0,26,Southampton
Second,Male,38,1,0,21,Southampton
Second,Male,34,1,0,21,Southampton
Second,Female,34,0,0,13,Southampton
Second,Male,16,0,0,26,Southampton
Second,Male,26,0,0,10.5,Southampton
Second,Male,47,0,0,10.5,Southampton
Second,Male,21,1,0,11.5,Southampton
Second,Male,21,1,0,11.5,Southampton
Second,Male,24,0,0,13.5,Southampton
Second,Male,24,0,0,13,Southampton
Second,Male,34,0,0,13,Southampton
Second,Male,30,0,0,13,Southampton
Second,Male,52,0,0,13,Southampton
Second,Male,30,0,0,13,Southampton
Second,Male,0.6667,1,1,14.5,Southampton
Second,Female,24,0,2,14.5,Southampton
Second,Male,44,0,0,13,Southampton
Second,Female,6,0,1,33,Southampton
Second,Male,28,0,1,33,Southampton
Second,Male,62,0,0,10.5,Southampton
Second,Male,30,0,0,10.5,Southampton
Second,Female,7,0,2,26.25,Southampton
Second,Male,43,1,1,26.25,Southampton
Second,Female,45,1,1,26.25,Southampton
Second,Female,24,1,2,65,Southampton
Second,Female,24,1,2,65,Southampton
Second,Male,49,1,2,65,Southampton
Second,Female,48,1,2,65,Southampton
Second,Female,55,0,0,16,Southampton
Second,Male,24,2,0,73.5,Southampton
Second,Male,32,2,0,73.5,Southampton
Second,Male,21,2,0,73.5,Southampton
Second,Female,18,1,1,13,Southampton
Second,Female,20,2,1,23,Southampton
Second,Male,23,2,1,11.5,Southampton
Second,Male,36,0,0,13,Southampton
Second,Female,54,1,3,23,Southampton
Second,Male,50,0,0,13,Southampton
Second,Male,44,1,0,26,Southampton
Second,Female,29,1,0,26,Southampton
Second,Male,21,0,0,73.5,Southampton
Second,Male,42,0,0,13,Southampton
Second,Male,63,1,0,26,Southampton
Second,Female,60,1,0,26,Southampton
Second,Male,33,0,0,12.275,Southampton
Second,Female,17,0,0,10.5,Southampton
Second,Male,42,1,0,27,Southampton
Second,Female,24,2,1,27,Southampton
Second,Male,47,0,0,15,Southampton
Second,Male,24,2,0,31.5,Southampton
Second,Male,22,2,0,31.5,Southampton
Second,Male,32,0,0,10.5,Southampton
Second,Female,23,0,0,13.7917,Cherbourg
Second,Male,34,1,0,26,Southampton
Second,Female,24,1,0,26,Southampton
Second,Female,22,0,0,21,Southampton
Second,Female,30,0,0,12.35,Queenstown
Second,Male,35,0,0,12.35,Queenstown
Second,Female,45,0,0,13.5,Southampton
Second,Male,57,0,0,12.35,Queenstown
Second,Male,40,0,0,0,Southampton
Second,Male,31,0,0,10.5,Southampton
Second,Female,26,1,1,26,Southampton
Second,Male,30,1,1,26,Southampton
Second,Male,35,0,0,10.7083,Queenstown
Second,Female,1,1,2,41.5792,Cherbourg
Second,Female,3,1,2,41.5792,Cherbourg
Second,Male,25,1,2,41.5792,Cherbourg
Second,Female,22,1,2,41.5792,Cherbourg
Second,Female,17,0,0,12,Cherbourg
Second,Female,30,0,0,33,Southampton
Second,Female,34,0,0,10.5,Southampton
Second,Male,36,0,0,12.875,Cherbourg
Second,Male,24,0,0,10.5,Southampton
Second,Male,61,0,0,12.35,Queenstown
Second,Male,50,1,0,26,Southampton
Second,Female,42,1,0,26,Southampton
Second,Female,57,0,0,10.5,Southampton
Second,Male,30,0,0,15.0458,Cherbourg
Second,Male,1,0,2,37.0042,Cherbourg
Second,Male,31,1,1,37.0042,Cherbourg
Second,Female,24,1,1,37.0042,Cherbourg
Second,Male,30,0,0,15.5792,Cherbourg
Second,Male,30,0,0,13,Southampton
Second,Male,40,0,0,16,Southampton
Second,Male,32,0,0,13.5,Southampton
Second,Male,30,0,0,13,Southampton
Second,Male,46,0,0,26,Southampton
Second,Female,13,0,1,19.5,Southampton
Second,Female,41,0,1,19.5,Southampton
Second,Male,19,0,0,10.5,Southampton
Second,Male,39,0,0,13,Southampton
Second,Male,48,0,0,13,Southampton
Second,Male,70,0,0,10.5,Southampton
Second,Male,27,0,0,13,Southampton
Second,Male,54,0,0,14,Southampton
Second,Male,39,0,0,26,Southampton
Second,Male,16,0,0,10.5,Southampton
Second,Male,62,0,0,9.6875,Queenstown
Second,Male,32.5,1,0,30.0708,Cherbourg
Second,Female,14,1,0,30.0708,Cherbourg
Second,Male,2,1,1,26,Southampton
Second,Male,3,1,1,26,Southampton
Second,Male,36.5,0,2,26,Southampton
Second,Male,26,0,0,13,Southampton
Second,Male,19,1,1,36.75,Southampton
Second,Male,28,0,0,13.5,Southampton
Second,Male,20,0,0,13.8625,Cherbourg
Second,Female,29,0,0,10.5,Southampton
Second,Male,39,0,0,13,Southampton
Second,Male,22,0,0,10.5,Southampton
Second,Male,28,0,0,13.8625,Cherbourg
Second,Male,23,0,0,10.5,Southampton
Second,Male,29,0,0,13.8583,Cherbourg
Second,Male,28,0,0,10.5,Southampton
Second,Male,37,0,0,0,Southampton
Second,Female,50,0,1,26,Southampton
Second,Male,19,0,0,10.5,Southampton
Second,Male,30,0,0,15.05,Cherbourg
Second,Male,41,0,0,13,Southampton
Second,Female,21,0,1,21,Southampton
Second,Female,19,0,0,26,Southampton
Second,Male,43,0,1,21,Southampton
Second,Female,32,0,0,13,Southampton
Second,Male,34,0,0,13,Southampton
Second,Male,30,0,0,12.7375,Cherbourg
Second,Male,27,0,0,15.0333,Cherbourg
Second,Female,2,1,1,26,Southampton
Second,Female,8,1,1,26,Southampton
Second,Female,33,0,2,26,Southampton
Second,Male,36,0,0,10.5,Southampton
Second,Male,34,1,0,21,Southampton
Second,Female,30,3,0,21,Southampton
Second,Female,28,0,0,13,Southampton
Second,Male,23,0,0,15.0458,Cherbourg
Second,Male,0.8333,1,1,18.75,Southampton
Second,Male,3,1,1,18.75,Southampton
Second,Female,24,2,3,18.75,Southampton
Second,Female,50,0,0,10.5,Southampton
Second,Male,19,0,0,10.5,Southampton
Second,Female,21,0,0,10.5,Southampton
Second,Male,26,0,0,13,Southampton
Second,Male,25,0,0,13,Southampton
Second,Male,27,0,0,26,Southampton
Second,Female,25,0,1,26,Southampton
Second,Female,18,0,2,13,Southampton
Second,Female,20,0,0,36.75,Southampton
Second,Female,30,0,0,13,Southampton
Second,Male,59,0,0,13.5,Southampton
Second,Female,30,0,0,12.35,Queenstown
Second,Male,35,0,0,10.5,Southampton
Second,Female,40,0,0,13,Southampton
Second,Male,25,0,0,13,Southampton
Second,Male,41,0,0,15.0458,Cherbourg
Second,Male,25,0,0,10.5,Southampton
Second,Male,18.5,0,0,13,Southampton
Second,Male,14,0,0,65,Southampton
Second,Female,50,0,0,10.5,Southampton
Second,Male,23,0,0,13,Southampton
Second,Female,28,0,0,12.65,Southampton
Second,Female,27,0,0,10.5,Southampton
Second,Male,29,1,0,21,Southampton
Second,Female,27,1,0,21,Southampton
Second,Male,40,0,0,13,Southampton
Second,Female,31,0,0,21,Southampton
Second,Male,30,1,0,21,Southampton
Second,Male,23,1,0,10.5,Southampton
Second,Female,31,0,0,21,Southampton
Second,Male,39,0,0,0,Southampton
Second,Female,12,0,0,15.75,Southampton
Second,Female,40,0,0,15.75,Southampton
Second,Female,32.5,0,0,13,Southampton
Second,Male,27,1,0,26,Southampton
Second,Female,29,1,0,26,Southampton
Second,Male,2,1,1,23,Southampton
Second,Female,4,1,1,23,Southampton
Second,Female,29,0,2,23,Southampton
Second,Female,0.9167,1,2,27.75,Southampton
Second,Female,5,1,2,27.75,Southampton
Second,Male,36,1,2,27.75,Southampton
Second,Female,33,1,2,27.75,Southampton
Second,Male,66,0,0,10.5,Southampton
Second,Male,30,0,0,12.875,Southampton
Second,Male,31,0,0,13,Southampton
Second,Male,31,0,0,13,Southampton
Second,Female,26,0,0,13.5,Southampton
Second,Female,24,0,0,13,Southampton
Third,Male,42,0,0,7.55,Southampton
Third,Male,13,0,2,20.25,Southampton
Third,Male,16,1,1,20.25,Southampton
Third,Female,35,1,1,20.25,Southampton
Third,Female,16,0,0,7.65,Southampton
Third,Male,25,0,0,7.65,Southampton
Third,Male,20,0,0,7.925,Southampton
Third,Female,18,0,0,7.2292,Cherbourg
Third,Male,30,0,0,7.25,Southampton
Third,Male,26,0,0,8.05,Southampton
Third,Female,40,1,0,9.475,Southampton
Third,Male,0.8333,0,1,9.35,Southampton
Third,Female,18,0,1,9.35,Southampton
Third,Male,26,0,0,18.7875,Cherbourg
Third,Male,26,0,0,7.8875,Southampton
Third,Male,20,0,0,7.925,Southampton
Third,Male,24,0,0,7.05,Southampton
Third,Male,25,0,0,7.05,Southampton
Third,Male,35,0,0,8.05,Southampton
Third,Male,18,0,0,8.3,Southampton
Third,Male,32,0,0,22.525,Southampton
Third,Female,19,1,0,7.8542,Southampton
Third,Male,4,4,2,31.275,Southampton
Third,Female,6,4,2,31.275,Southampton
Third,Female,2,4,2,31.275,Southampton
Third,Female,17,4,2,7.925,Southampton
Third,Female,38,4,2,7.775,Southampton
Third,Female,9,4,2,31.275,Southampton
Third,Female,11,4,2,31.275,Southampton
Third,Male,39,1,5,31.275,Southampton
Third,Male,27,0,0,7.7958,Southampton
Third,Male,26,0,0,7.775,Southampton
Third,Female,39,1,5,31.275,Southampton
Third,Male,20,0,0,7.8542,Southampton
Third,Male,26,0,0,7.8958,Southampton
Third,Male,25,1,0,17.8,Southampton
Third,Female,18,1,0,17.8,Southampton
Third,Male,24,0,0,7.775,Southampton
Third,Male,35,0,0,7.05,Southampton
Third,Male,5,4,2,31.3875,Southampton
Third,Male,9,4,2,31.3875,Southampton
Third,Male,3,4,2,31.3875,Southampton
Third,Male,13,4,2,31.3875,Southampton
Third,Female,5,4,2,31.3875,Southampton
Third,Male,40,1,5,31.3875,Southampton
Third,Male,23,0,0,7.7958,Southampton
Third,Female,38,1,5,31.3875,Southampton
Third,Female,45,0,0,7.225,Cherbourg
Third,Male,21,0,0,7.225,Cherbourg
Third,Male,23,0,0,7.05,Southampton
Third,Female,17,0,0,14.4583,Cherbourg
Third,Male,30,0,0,7.225,Cherbourg
Third,Male,23,0,0,7.8542,Southampton
Third,Female,13,0,0,7.2292,Cherbourg
Third,Male,20,0,0,7.225,Cherbourg
Third,Male,32,1,0,15.85,Southampton
Third,Female,33,3,0,15.85,Southampton
Third,Female,0.75,2,1,19.2583,Cherbourg
Third,Female,0.75,2,1,19.2583,Cherbourg
Third,Female,5,2,1,19.2583,Cherbourg
Third,Female,24,0,3,19.2583,Cherbourg
Third,Female,18,0,0,8.05,Southampton
Third,Male,40,0,0,7.225,Cherbourg
Third,Male,26,0,0,7.8958,Southampton
Third,Male,20,0,0,7.2292,Cherbourg
Third,Female,18,0,1,14.4542,Cherbourg
Third,Female,45,0,1,14.4542,Cherbourg
Third,Female,27,0,0,7.8792,Queenstown
Third,Male,22,0,0,8.05,Southampton
Third,Male,19,0,0,8.05,Southampton
Third,Male,26,0,0,7.775,Southampton
Third,Male,22,0,0,9.35,Southampton
Third,Male,20,0,0,7.2292,Cherbourg
Third,Male,20,0,0,4.0125,Cherbourg
Third,Male,32,0,0,56.4958,Southampton
Third,Male,21,0,0,7.775,Southampton
Third,Male,18,0,0,7.75,Southampton
Third,Male,26,0,0,7.8958,Southampton
Third,Male,6,1,1,15.2458,Cherbourg
Third,Female,9,1,1,15.2458,Cherbourg
Third,Male,20,0,0,7.225,Cherbourg
Third,Female,30,0,2,15.2458,Cherbourg
Third,Female,18,0,2,7.75,Queenstown
Third,Male,40,1,1,15.5,Queenstown
Third,Female,32,1,1,15.5,Queenstown
Third,Male,21,0,0,16.1,Southampton
Third,Female,22,0,0,7.725,Queenstown
Third,Female,20,0,0,7.8542,Southampton
Third,Male,29,1,0,7.0458,Southampton
Third,Male,22,1,0,7.25,Southampton
Third,Male,22,0,0,7.7958,Southampton
Third,Male,35,0,0,8.05,Southampton
Third,Female,18.5,0,0,7.2833,Queenstown
Third,Male,21,0,0,7.8208,Queenstown
Third,Male,19,0,0,6.75,Queenstown
Third,Female,18,0,0,7.8792,Queenstown
Third,Female,21,0,0,8.6625,Southampton
Third,Female,30,0,0,8.6625,Southampton
Third,Male,18,0,0,8.6625,Southampton
Third,Male,38,0,0,8.6625,Southampton
Third,Male,17,0,0,8.6625,Southampton
Third,Male,17,0,0,8.6625,Southampton
Third,Female,21,0,0,7.75,Queenstown
Third,Male,21,0,0,7.75,Queenstown
Third,Male,21,0,0,8.05,Southampton
Third,Male,27,1,0,14.4583,Cherbourg
Third,Female,23,1,0,14.4583,Cherbourg
Third,Male,28,0,0,7.7958,Southampton
Third,Male,24,0,0,7.8542,Southampton
Third,Female,16,0,0,7.75,Queenstown
Third,Female,37,0,0,7.75,Queenstown
Third,Male,28,0,0,7.25,Southampton
Third,Male,24,0,0,8.05,Southampton
Third,Male,21,0,0,7.7333,Queenstown
Third,Male,32,0,0,56.4958,Southampton
Third,Male,29,0,0,8.05,Southampton
Third,Male,26,1,0,14.4542,Cherbourg
Third,Male,18,1,0,14.4542,Cherbourg
Third,Male,20,0,0,7.05,Southampton
Third,Male,18,0,0,8.05,Southampton
Third,Male,24,0,0,7.25,Queenstown
Third,Male,36,0,0,7.4958,Southampton
Third,Male,24,0,0,7.4958,Southampton
Third,Male,31,0,0,7.7333,Queenstown
Third,Male,31,0,0,7.75,Queenstown
Third,Female,22,0,0,7.75,Queenstown
Third,Female,30,0,0,7.6292,Queenstown
Third,Male,70.5,0,0,7.75,Queenstown
Third,Male,43,0,0,8.05,Southampton
Third,Male,35,0,0,7.8958,Southampton
Third,Male,27,0,0,7.8958,Southampton
Third,Male,19,0,0,7.8958,Southampton
Third,Male,30,0,0,8.05,Southampton
Third,Male,9,1,1,15.9,Southampton
Third,Male,3,1,1,15.9,Southampton
Third,Female,36,0,2,15.9,Southampton
Third,Male,59,0,0,7.25,Southampton
Third,Male,19,0,0,8.1583,Southampton
Third,Female,17,0,1,16.1,Southampton
Third,Male,44,0,1,16.1,Southampton
Third,Male,17,0,0,8.6625,Southampton
Third,Male,22.5,0,0,7.225,Cherbourg
Third,Male,45,0,0,8.05,Southampton
Third,Female,22,0,0,10.5167,Southampton
Third,Male,19,0,0,10.1708,Southampton
Third,Female,30,0,0,6.95,Queenstown
Third,Male,29,0,0,7.75,Queenstown
Third,Male,0.3333,0,2,14.4,Southampton
Third,Male,34,1,1,14.4,Southampton
Third,Female,28,1,1,14.4,Southampton
Third,Male,27,0,0,7.8958,Southampton
Third,Male,25,0,0,7.8958,Southampton
Third,Male,24,2,0,24.15,Southampton
Third,Male,22,0,0,8.05,Southampton
Third,Male,21,2,0,24.15,Southampton
Third,Male,17,2,0,8.05,Southampton
Third,Male,32,1,0,16.1,Southampton
Third,Female,26,1,0,16.1,Southampton
Third,Male,36.5,1,0,17.4,Southampton
Third,Female,36,1,0,17.4,Southampton
Third,Male,30,0,0,9.5,Southampton
Third,Male,16,0,0,9.5,Southampton
Third,Male,1,1,2,20.575,Southampton
Third,Female,0.1667,1,2,20.575,Southampton
Third,Male,26,1,2,20.575,Southampton
Third,Female,33,1,2,20.575,Southampton
Third,Male,25,0,0,7.8958,Southampton
Third,Male,25,0,0,7.8958,Southampton
Third,Male,26,0,0,7.8958,Southampton
Third,Male,22,0,0,7.25,Southampton
Third,Male,36,0,0,7.25,Southampton
Third,Female,19,0,0,7.8792,Queenstown
Third,Male,17,0,0,7.8958,Southampton
Third,Male,42,0,0,8.6625,Southampton
Third,Male,43,0,0,7.8958,Southampton
Third,Male,17,0,0,7.2292,Cherbourg
Third,Male,32,0,0,7.75,Queenstown
Third,Male,19,0,0,8.05,Southampton
Third,Female,30,0,0,12.475,Southampton
Third,Female,24,0,0,7.75,Queenstown
Third,Female,23,0,0,8.05,Southampton
Third,Male,33,0,0,7.8958,Cherbourg
Third,Male,65,0,0,7.75,Queenstown
Third,Male,24,0,0,7.55,Southampton
Third,Male,23,1,0,13.9,Southampton
Third,Female,22,1,0,13.9,Southampton
Third,Male,18,0,0,7.775,Southampton
Third,Male,16,0,0,7.775,Southampton
Third,Male,45,0,0,6.975,Southampton
Third,Male,26,0,0,7.225,Cherbourg
Third,Male,39,0,2,7.2292,Cherbourg
Third,Male,17,1,1,7.2292,Cherbourg
Third,Male,15,1,1,7.2292,Cherbourg
Third,Male,47,0,0,7.25,Southampton
Third,Female,5,0,0,12.475,Southampton
Third,Male,35,0,0,7.225,Cherbourg
Third,Male,40.5,0,0,15.1,Southampton
Third,Male,40.5,0,0,7.75,Queenstown
Third,Male,23,0,0,7.05,Southampton
Third,Male,18,0,0,7.7958,Southampton
Third,Female,23,0,0,7.75,Queenstown
Third,Male,22,0,0,7.75,Queenstown
Third,Male,34,0,0,6.95,Queenstown
Third,Male,26,0,0,7.8792,Queenstown
Third,Male,37,0,0,7.75,Queenstown
Third,Male,32,0,0,56.4958,Southampton
Third,Female,21,2,2,34.375,Southampton
Third,Female,9,2,2,34.375,Southampton
Third,Male,18,0,0,8.05,Southampton
Third,Male,18,2,2,34.375,Southampton
Third,Male,16,1,3,34.375,Southampton
Third,Female,48,1,3,34.375,Southampton
Third,Male,38,0,0,7.75,Queenstown
Third,Male,22,0,0,7.25,Southampton
Third,Male,25,0,0,7.7417,Queenstown
Third,Male,24,0,0,14.5,Southampton
Third,Male,30,0,0,7.8958,Cherbourg
Third,Male,22,0,0,8.05,Southampton
Third,Female,16,0,0,7.7333,Queenstown
Third,Female,25,0,0,7.75,Queenstown
Third,Male,9,0,2,20.525,Southampton
Third,Male,33,1,1,20.525,Southampton
Third,Male,41,0,0,7.85,Southampton
Third,Female,31,1,1,20.525,Southampton
Third,Male,38,0,0,7.05,Southampton
Third,Male,9,5,2,46.9,Southampton
Third,Male,1,5,2,46.9,Southampton
Third,Male,11,5,2,46.9,Southampton
Third,Female,10,5,2,46.9,Southampton
Third,Female,16,5,2,46.9,Southampton
Third,Male,14,5,2,46.9,Southampton
Third,Male,40,1,6,46.9,Southampton
Third,Female,43,1,6,46.9,Southampton
Third,Male,51,0,0,8.05,Southampton
Third,Male,32,0,0,8.3625,Southampton
Third,Male,25,0,0,8.05,Southampton
Third,Male,20,0,0,9.8458,Southampton
Third,Male,37,2,0,7.925,Southampton
Third,Male,28,2,0,7.925,Southampton
Third,Male,19,0,0,7.775,Southampton
Third,Female,24,0,0,8.85,Southampton
Third,Female,17,0,0,7.7333,Queenstown
Third,Male,28,1,0,19.9667,Southampton
Third,Male,27,1,0,19.9667,Southampton
Third,Male,28,1,0,15.85,Southampton
Third,Female,24,1,0,15.85,Southampton
Third,Male,20,0,0,9.5,Southampton
Third,Male,23.5,0,0,7.2292,Cherbourg
Third,Male,41,2,0,14.1083,Southampton
Third,Male,26,1,0,7.8542,Southampton
Third,Male,21,0,0,7.8542,Southampton
Third,Female,45,1,0,14.1083,Southampton
Third,Female,29,0,0,7.55,Southampton
Third,Male,25,0,0,7.25,Southampton
Third,Male,27,0,0,6.8583,Queenstown
Third,Male,11,0,0,18.7875,Cherbourg
Third,Female,26,0,0,7.75,Queenstown
Third,Male,27,0,0,6.975,Southampton
Third,Male,30,0,0,56.4958,Southampton
Third,Female,18,0,0,6.75,Queenstown
Third,Female,26,0,0,7.925,Southampton
Third,Female,23,0,0,7.925,Southampton
Third,Female,22,0,0,8.9625,Southampton
Third,Male,28,0,0,7.8958,Southampton
Third,Female,28,0,0,7.775,Southampton
Third,Female,27,0,0,7.75,Queenstown
Third,Female,2,0,1,12.2875,Southampton
Third,Female,22,1,1,12.2875,Southampton
Third,Male,43,0,0,6.45,Southampton
Third,Male,28,0,0,22.525,Southampton
Third,Female,27,0,0,7.925,Southampton
Third,Male,25,0,0,7.75,Queenstown
Third,Female,24,0,0,8.05,Southampton
Third,Male,42,0,0,7.65,Southampton
Third,Male,32,0,0,7.8875,Southampton
Third,Male,30,0,0,7.2292,Cherbourg
Third,Male,27,0,0,7.8958,Southampton
Third,Female,27,1,0,7.925,Southampton
Third,Female,25,1,0,7.925,Southampton
Third,Male,24,0,0,7.8958,Southampton
Third,Male,29,0,0,7.8958,Cherbourg
Third,Male,21,0,0,7.7958,Southampton
Third,Male,28,0,0,7.05,Southampton
Third,Male,20,0,0,7.8542,Southampton
Third,Male,48,0,0,7.8542,Southampton
Third,Male,17,1,0,7.0542,Southampton
Third,Female,26,0,0,7.75,Queenstown
Third,Male,28,0,0,8.1125,Southampton
Third,Male,34,0,0,6.4958,Southampton
Third,Male,26,0,0,7.775,Southampton
Third,Male,22,0,0,7.7958,Southampton
Third,Male,33,0,0,8.6542,Southampton
Third,Male,31,0,0,7.775,Southampton
Third,Male,29,0,0,7.8542,Southampton
Third,Male,4,1,1,11.1333,Southampton
Third,Female,1,1,1,11.1333,Southampton
Third,Male,49,0,0,0,Southampton
Third,Male,33,0,0,7.775,Southampton
Third,Male,19,0,0,0,Southampton
Third,Female,27,0,2,11.1333,Southampton
Third,Male,18,1,2,23.45,Southampton
Third,Female,17,1,2,23.45,Southampton
Third,Male,28,1,2,23.45,Southampton
Third,Female,35,1,2,23.45,Southampton
Third,Male,23,0,0,7.8958,Southampton
Third,Male,32,0,0,7.8542,Southampton
Third,Male,27,0,0,7.8542,Southampton
Third,Female,20,1,0,9.825,Southampton
Third,Female,21,1,0,9.825,Southampton
Third,Male,32,0,0,7.925,Southampton
Third,Male,17,0,0,7.125,Southampton
Third,Male,21,0,0,8.4333,Southampton
Third,Male,30,0,0,7.8958,Southampton
Third,Male,21,0,0,7.7958,Southampton
Third,Male,33,0,0,7.8542,Southampton
Third,Male,22,0,0,7.5208,Southampton
Third,Female,4,0,1,13.4167,Cherbourg
Third,Male,39,0,1,13.4167,Cherbourg
Third,Male,21,0,0,7.2292,Cherbourg
Third,Male,18.5,0,0,7.2292,Cherbourg
Third,Male,24,0,0,7.75,Queenstown
Third,Male,27,0,0,7.25,Southampton
Third,Female,26,0,0,7.75,Queenstown
Third,Female,24,0,0,7.75,Queenstown
Third,Male,34.5,0,0,7.8292,Queenstown
Third,Male,44,0,0,8.05,Southampton
Third,Male,25,0,0,7.75,Queenstown
Third,Male,26,1,0,14.4542,Cherbourg
Third,Female,22,1,0,14.4542,Cherbourg
Third,Male,25,1,0,7.75,Queenstown
Third,Male,25,1,0,7.75,Queenstown
Third,Male,26,0,0,7.7375,Queenstown
Third,Female,22,2,0,8.6625,Southampton
Third,Male,26,2,0,8.6625,Southampton
Third,Female,4,0,2,22.025,Southampton
Third,Male,29,3,1,22.025,Southampton
Third,Female,26,1,1,22.025,Southampton
Third,Female,1,1,1,12.1833,Southampton
Third,Male,18,1,1,7.8542,Southampton
Third,Female,36,0,2,12.1833,Southampton
Third,Male,25,0,0,7.8958,Cherbourg
Third,Male,25,0,0,7.2292,Cherbourg
Third,Male,26,0,0,7.225,Cherbourg
Third,Female,37,0,0,9.5875,Southampton
Third,Male,28,0,0,7.8958,Southampton
Third,Male,33,0,0,56.4958,Southampton
Third,Male,32,0,0,56.4958,Southampton
Third,Female,22,0,0,7.25,Southampton
Third,Male,26,0,0,7.75,Queenstown
Third,Male,26,0,0,56.4958,Southampton
Third,Male,29,0,0,9.4833,Southampton
Third,Male,29,0,0,7.775,Southampton
Third,Male,22,0,0,7.775,Southampton
Third,Male,22,0,0,7.225,Cherbourg
Third,Male,17,3,1,25.4667,Southampton
Third,Female,16,3,1,25.4667,Southampton
Third,Female,20,3,1,25.4667,Southampton
Third,Female,22,3,1,25.4667,Southampton
Third,Female,29,0,4,25.4667,Southampton
Third,Male,32,0,0,7.925,Southampton
Third,Male,34.5,0,0,6.4375,Cherbourg
Third,Female,26,1,0,15.5,Queenstown
Third,Male,25,1,0,15.5,Queenstown
Third,Male,36,0,0,0,Southampton
Third,Male,39,0,0,24.15,Southampton
Third,Male,24,0,0,9.5,Southampton
Third,Female,25,0,0,7.775,Southampton
Third,Female,45,0,0,7.75,Southampton
Third,Male,36,1,0,15.55,Southampton
Third,Female,30,1,0,15.55,Southampton
Third,Male,20,1,0,7.925,Southampton
Third,Male,25,0,0,7.8792,Queenstown
Third,Male,28,0,0,56.4958,Southampton
Third,Male,28,0,0,7.55,Southampton
Third,Male,30,1,0,16.1,Southampton
Third,Female,26,1,0,16.1,Southampton
Third,Male,25,0,0,7.8792,Southampton
Third,Male,20.5,0,0,7.25,Southampton
Third,Male,27,0,0,8.6625,Southampton
Third,Male,51,0,0,7.0542,Southampton
Third,Female,23,0,0,7.8542,Southampton
Third,Male,32,0,0,7.5792,Southampton
Third,Male,24,0,0,7.8958,Southampton
Third,Male,32,0,0,7.55,Southampton
Third,Female,25,0,0,7.75,Queenstown
Third,Male,24,0,0,7.1417,Southampton
Third,Male,22,0,0,7.125,Southampton
Third,Female,24,0,0,7.8792,Queenstown
Third,Male,26,0,0,7.75,Queenstown
Third,Male,26,0,0,8.05,Southampton
Third,Male,29,0,0,7.925,Southampton
Third,Male,34,0,0,7.2292,Cherbourg
Third,Female,30.5,0,0,7.75,Queenstown
Third,Female,26,0,0,7.7375,Queenstown
Third,Male,26,0,0,7.2292,Cherbourg
Third,Male,35,0,0,7.8958,Cherbourg
Third,Male,33,0,0,7.8958,Southampton
Third,Female,27,0,0,7.225,Cherbourg
Third,Male,25,0,0,7.8958,Cherbourg
Third,Female,25,0,0,7.75,Queenstown
Third,Male,38,0,0,7.75,Queenstown
Third,Female,25,2,0,23.25,Queenstown
Third,Female,24,2,0,23.25,Queenstown
Third,Male,30,2,0,23.25,Queenstown
Third,Female,25,0,0,7.7875,Queenstown
Third,Male,24,0,0,15.5,Queenstown
Third,Female,18,0,0,7.8792,Queenstown
Third,Female,15,0,0,8.0292,Queenstown
Third,Female,35,0,0,7.75,Queenstown
Third,Male,24,0,0,7.75,Queenstown
Third,Male,24,1,0,16.1,Southampton
Third,Female,19,1,0,16.1,Southampton
Third,Female,25,0,0,7.75,Queenstown
Third,Female,24,0,0,8.05,Southampton
Third,Female,27,0,0,8.05,Southampton
Third,Male,55.5,0,0,8.05,Southampton
Third,Male,25,0,0,7.75,Queenstown
Third,Male,21,0,0,7.775,Southampton
Third,Male,23,0,0,8.05,Southampton
Third,Male,24,0,0,7.8958,Southampton
Third,Male,21,0,0,7.8958,Southampton
Third,Male,28,0,0,7.8958,Southampton
Third,Male,25,0,0,7.8958,Southampton
Third,Female,25,0,0,7.8792,Queenstown
Third,Male,25,0,0,7.65,Southampton
Third,Male,6,0,1,12.475,Southampton
Third,Female,27,0,1,12.475,Southampton
Third,Male,25,0,0,8.05,Southampton
Third,Female,23,1,0,24.15,Queenstown
Third,Male,25,1,0,24.15,Queenstown
Third,Male,22,0,0,8.4583,Queenstown
Third,Male,34,0,0,8.05,Southampton
Third,Male,25,0,0,7.75,Queenstown
Third,Male,27,0,0,7.775,Southampton
Third,Male,8,1,1,15.2458,Cherbourg
Third,Male,9,1,1,15.2458,Cherbourg
Third,Female,28,0,2,15.2458,Cherbourg
Third,Female,22,0,0,7.2292,Cherbourg
Third,Male,25,0,0,8.05,Southampton
Third,Female,25,0,0,7.7333,Queenstown
Third,Female,24,0,0,7.75,Queenstown
Third,Male,25,0,0,8.05,Southampton
Third,Female,24,1,0,15.5,Queenstown
Third,Female,27,1,0,15.5,Queenstown
Third,Female,25,0,0,15.5,Queenstown
Third,Male,18,0,0,7.75,Southampton
Third,Male,22,0,0,7.8958,Southampton
Third,Female,15,0,0,7.225,Cherbourg
Third,Female,1,0,2,15.7417,Cherbourg
Third,Male,20,1,1,15.7417,Cherbourg
Third,Female,19,1,1,15.7417,Cherbourg
Third,Male,33,0,0,8.05,Southampton
Third,Male,25,0,0,7.8958,Southampton
Third,Male,27,0,0,7.2292,Cherbourg
Third,Female,27,0,0,7.75,Queenstown
Third,Male,24,0,0,7.8958,Southampton
Third,Male,12,1,0,11.2417,Cherbourg
Third,Female,14,1,0,11.2417,Cherbourg
Third,Female,29,0,0,7.925,Southampton
Third,Male,28,0,0,8.05,Southampton
Third,Female,18,0,0,7.775,Southampton
Third,Female,26,0,0,7.8542,Southampton
Third,Male,21,0,0,7.8542,Southampton
Third,Male,41,0,0,7.125,Southampton
Third,Male,39,0,0,7.925,Southampton
Third,Male,21,0,0,7.8,Southampton
Third,Male,28.5,0,0,7.2292,Cherbourg
Third,Female,22,0,0,7.75,Southampton
Third,Male,61,0,0,6.2375,Southampton
Third,Male,25,1,0,15.5,Queenstown
Third,Male,23,0,0,7.8292,Queenstown
Third,Female,26,1,0,15.5,Queenstown
Third,Male,25,0,0,7.7333,Queenstown
Third,Male,24,0,0,7.75,Queenstown
Third,Male,25,0,0,7.75,Queenstown
Third,Male,23,0,0,9.225,Southampton
Third,Female,25,0,0,7.75,Queenstown
Third,Female,24,0,0,7.75,Queenstown
Third,Female,26,0,0,7.8792,Queenstown
Third,Female,22,0,0,7.775,Southampton
Third,Male,25,0,0,7.75,Queenstown
Third,Female,20,0,0,7.8292,Queenstown
Third,Male,9,0,1,3.1708,Southampton
Third,Male,28,0,0,22.525,Southampton
Third,Male,42,0,1,8.4042,Southampton
Third,Male,22,0,0,7.3125,Southampton
Third,Female,31,0,0,7.8542,Southampton
Third,Male,28,0,0,7.8542,Southampton
Third,Male,32,0,0,7.775,Southampton
Third,Male,20,0,0,9.225,Southampton
Third,Female,23,0,0,8.6625,Southampton
Third,Female,20,0,0,8.6625,Southampton
Third,Male,20,0,0,8.6625,Southampton
Third,Male,16,0,0,9.2167,Southampton
Third,Female,31,0,0,8.6833,Southampton
Third,Female,26,0,0,7.6292,Queenstown
Third,Male,2,3,1,21.075,Southampton
Third,Male,6,3,1,21.075,Southampton
Third,Female,3,3,1,21.075,Southampton
Third,Female,8,3,1,21.075,Southampton
Third,Female,29,0,4,21.075,Southampton
Third,Male,1,4,1,39.6875,Southampton
Third,Male,7,4,1,39.6875,Southampton
Third,Male,2,4,1,39.6875,Southampton
Third,Male,16,4,1,39.6875,Southampton
Third,Male,14,4,1,39.6875,Southampton
Third,Female,41,0,5,39.6875,Southampton
Third,Male,21,0,0,8.6625,Southampton
Third,Male,19,0,0,14.5,Southampton
Third,Male,25,0,0,8.7125,Cherbourg
Third,Male,32,0,0,7.8958,Southampton
Third,Male,0.75,1,1,13.775,Southampton
Third,Female,3,1,1,13.775,Southampton
Third,Female,26,0,2,13.775,Southampton
Third,Male,25,0,0,7,Southampton
Third,Male,23,0,0,7.775,Southampton
Third,Male,25,0,0,8.05,Southampton
Third,Male,21,0,0,7.925,Southampton
Third,Male,25,0,0,7.925,Southampton
Third,Male,22,0,0,7.25,Southampton
Third,Male,25,1,0,7.775,Southampton
Third,Male,25,1,1,22.3583,Cherbourg
Third,Female,23,1,1,22.3583,Cherbourg
Third,Female,26,0,2,22.3583,Cherbourg
Third,Female,26,0,0,8.1375,Queenstown
Third,Male,24,0,0,8.05,Southampton
Third,Female,28,0,0,7.8958,Southampton
Third,Male,19,0,0,7.8958,Southampton
Third,Male,25,0,0,7.8958,Southampton
Third,Male,25,1,0,7.775,Southampton
Third,Female,18,0,0,7.775,Southampton
Third,Male,32,0,0,8.05,Southampton
Third,Male,24,0,0,7.8958,Southampton
Third,Male,17,0,0,8.6625,Southampton
Third,Male,24,0,0,8.6625,Southampton
Third,Male,31,0,0,7.8958,Southampton
Third,Female,24,0,0,8.1125,Southampton
Third,Male,28,0,0,7.2292,Cherbourg
Third,Male,30,0,0,7.25,Southampton
Third,Male,38,0,0,7.8958,Southampton
Third,Male,21,0,0,8.05,Southampton
Third,Male,10,4,1,29.125,Queenstown
Third,Male,4,4,1,29.125,Queenstown
Third,Male,7,4,1,29.125,Queenstown
Third,Male,2,4,1,29.125,Queenstown
Third,Male,8,4,1,29.125,Queenstown
Third,Female,39,0,5,29.125,Queenstown
Third,Female,22,0,0,39.6875,Southampton
Third,Male,35,0,0,7.125,Southampton
Third,Female,22,0,0,7.7208,Queenstown
Third,Male,40,0,0,14.5,Southampton
Third,Female,36,0,0,14.5,Southampton
Third,Male,50,1,0,14.5,Southampton
Third,Female,47,1,0,14.5,Southampton
Third,Male,23,0,0,8.05,Southampton
Third,Male,25,0,0,7.775,Southampton
Third,Female,2,1,1,20.2125,Southampton
Third,Male,18,1,1,20.2125,Southampton
Third,Female,41,0,2,20.2125,Southampton
Third,Female,24,0,0,8.05,Southampton
Third,Male,50,0,0,8.05,Southampton
Third,Male,16,0,0,8.05,Southampton
Third,Male,24,0,0,7.75,Queenstown
Third,Male,25,0,0,24.15,Queenstown
Third,Male,33,0,0,7.2292,Cherbourg
Third,Male,25,0,0,7.225,Cherbourg
Third,Male,28,0,0,7.225,Cherbourg
Third,Male,22,0,0,7.7292,Queenstown
Third,Male,25,0,0,7.575,Southampton
Third,Male,38.5,0,0,7.25,Southampton
Third,Male,14.5,8,2,69.55,Southampton
Third,Male,14.5,8,2,69.55,Southampton
Third,Female,14.5,8,2,69.55,Southampton
Third,Female,14.5,8,2,69.55,Southampton
Third,Female,14.5,8,2,69.55,Southampton
Third,Female,14.5,8,2,69.55,Southampton
Third,Male,14.5,8,2,69.55,Southampton
Third,Male,14.5,8,2,69.55,Southampton
Third,Male,14.5,8,2,69.55,Southampton
Third,Male,14.5,1,9,69.55,Southampton
Third,Female,14.5,1,9,69.55,Southampton
Third,Male,24,0,0,9.325,Southampton
Third,Female,21,0,0,7.65,Southampton
Third,Male,39,0,0,7.925,Southampton
Third,Male,22,2,0,21.6792,Cherbourg
Third,Male,23,2,0,21.6792,Cherbourg
Third,Male,26,2,0,21.6792,Cherbourg
Third,Female,1,1,1,16.7,Southampton
Third,Female,24,0,2,16.7,Southampton
Third,Female,4,1,1,16.7,Southampton
Third,Male,25,0,0,9.5,Southampton
Third,Male,20,0,0,8.05,Southampton
Third,Male,24.5,0,0,8.05,Southampton
Third,Male,25,0,0,7.725,Queenstown
Third,Male,23,0,0,7.8958,Southampton
Third,Male,25,0,0,7.75,Queenstown
Third,Male,29,0,0,9.5,Southampton
Third,Male,25,0,0,15.1,Southampton
Third,Female,25,0,0,7.7792,Queenstown
Third,Male,26,0,0,8.05,Southampton
Third,Male,27,0,0,8.05,Southampton
Third,Male,22,0,0,7.2292,Cherbourg
Third,Male,24,0,0,8.05,Southampton
Third,Male,40,0,0,7.8958,Southampton
Third,Male,21,0,0,7.925,Southampton
Third,Female,18,0,0,7.4958,Southampton
Third,Male,4,3,2,27.9,Southampton
Third,Male,10,3,2,27.9,Southampton
Third,Female,9,3,2,27.9,Southampton
Third,Female,2,3,2,27.9,Southampton
Third,Male,40,1,4,27.9,Southampton
Third,Female,45,1,4,27.9,Southampton
Third,Male,25,0,0,7.8958,Southampton
Third,Male,25,0,0,8.05,Southampton
Third,Male,22,0,0,8.6625,Southampton
Third,Male,29,0,0,7.75,Queenstown
Third,Female,22,0,0,7.7333,Queenstown
Third,Male,19,0,0,7.65,Southampton
Third,Male,30,0,0,8.05,Southampton
Third,Male,25,0,0,8.05,Southampton
Third,Male,32,0,0,8.05,Southampton
Third,Male,25,0,0,7.8958,Southampton
Third,Male,33,0,0,8.6625,Cherbourg
Third,Female,23,0,0,7.55,Southampton
Third,Male,21,0,0,8.05,Southampton
Third,Male,60.5,0,0,7.725,Southampton
Third,Male,19,0,0,7.8958,Southampton
Third,Female,22,0,0,9.8375,Southampton
Third,Male,31,0,0,7.925,Southampton
Third,Male,27,0,0,8.6625,Southampton
Third,Female,2,0,1,10.4625,Southampton
Third,Female,29,1,1,10.4625,Southampton
Third,Male,16,0,0,8.05,Southampton
Third,Male,44,0,0,7.925,Southampton
Third,Male,25,0,0,7.05,Southampton
Third,Male,74,0,0,7.775,Southampton
Third,Male,14,0,0,9.225,Southampton
Third,Male,24,0,0,7.7958,Southampton
Third,Male,25,0,0,7.7958,Southampton
Third,Male,34,0,0,8.05,Southampton
Third,Male,0.4167,0,1,8.5167,Cherbourg
Third,Male,25,1,0,6.4375,Cherbourg
Third,Male,22,0,0,6.4375,Cherbourg
Third,Male,30,0,0,7.225,Cherbourg
Third,Female,16,1,1,8.5167,Cherbourg
Third,Male,25,0,0,8.05,Southampton
Third,Male,35,1,0,16.1,Southampton
Third,Female,28,1,0,16.1,Southampton
Third,Male,32,0,0,7.925,Southampton
Third,Male,28,0,0,7.75,Queenstown
Third,Male,25,0,0,7.8958,Southampton
Third,Male,30.5,0,0,8.05,Southampton
Third,Male,44,0,0,8.05,Southampton
Third,Male,29,0,0,7.2292,Cherbourg
Third,Male,25,0,0,0,Southampton
Third,Male,28,0,0,7.2292,Cherbourg
Third,Male,7,1,1,15.2458,Cherbourg
Third,Female,9,1,1,15.2458,Cherbourg
Third,Female,29,0,2,15.2458,Cherbourg
Third,Male,36,0,0,7.8958,Southampton
Third,Female,18,0,0,9.8417,Southampton
Third,Female,63,0,0,9.5875,Southampton
Third,Male,19,1,1,14.5,Southampton
Third,Male,11.5,1,1,14.5,Southampton
Third,Male,40.5,0,2,14.5,Southampton
Third,Female,10,0,2,24.15,Southampton
Third,Male,36,1,1,24.15,Southampton
Third,Female,30,1,1,24.15,Southampton
Third,Male,25,0,0,9.5,Southampton
Third,Male,33,0,0,9.5,Southampton
Third,Male,28,0,0,9.5,Southampton
Third,Male,28,0,0,9.5,Southampton
Third,Male,47,0,0,9,Southampton
Third,Female,18,2,0,18,Southampton
Third,Male,31,3,0,18,Southampton
Third,Male,16,2,0,18,Southampton
Third,Female,31,1,0,18,Southampton
Third,Male,22,0,0,7.225,Cherbourg
Third,Male,20,0,0,7.8542,Southampton
Third,Female,14,0,0,7.8542,Southampton
Third,Male,22,0,0,7.8958,Southampton
Third,Male,22,0,0,9,Southampton
Third,Male,24,0,0,8.05,Southampton
Third,Male,28,0,0,7.55,Southampton
Third,Male,25,0,0,8.05,Southampton
Third,Male,32.5,0,0,9.5,Southampton
Third,Female,38,0,0,7.2292,Cherbourg
Third,Male,51,0,0,7.75,Southampton
Third,Male,18,1,0,6.4958,Southampton
Third,Male,21,1,0,6.4958,Southampton
Third,Female,47,1,0,7,Southampton
Third,Male,25,0,0,8.7125,Southampton
Third,Male,29,0,0,7.55,Southampton
Third,Male,25,0,0,8.05,Southampton
Third,Male,28.5,0,0,16.1,Southampton
Third,Male,21,0,0,7.25,Southampton
Third,Male,27,0,0,8.6625,Southampton
Third,Male,25,0,0,7.25,Southampton
Third,Male,36,0,0,9.5,Southampton
Third,Male,27,1,0,14.4542,Cherbourg
Third,Female,15,1,0,14.4542,Cherbourg
Third,Male,45.5,0,0,7.225,Cherbourg
Third,Male,34,0,0,7.225,Cherbourg
Third,Male,45.5,0,0,14.4583,Cherbourg
Third,Female,14.5,1,0,14.4542,Cherbourg
Third,Female,14,1,0,14.4542,Cherbourg
Third,Male,26.5,0,0,7.225,Cherbourg
Third,Male,27,0,0,7.225,Cherbourg
Third,Male,29,0,0,7.875,Southampton
