"PassengerClass","Sex","No of Siblings or Spouses on Board","No of Parents or Children on Board","Port of Embarkation","Age","Passenger Fare","Survived","id","outlier_flag","Distance Outlier"
"First","Female",0,0,"Southampton",29.0,211.3375,"Yes",1,"No Outlier","false"
"First","Male",1,2,"Southampton",0.9167,151.55,"Yes",2,"No Outlier","true"
"First","Female",1,2,"Southampton",2.0,151.55,"No",3,"No Outlier","true"
"First","Male",1,2,"Southampton",30.0,151.55,"No",4,"No Outlier","false"
"First","Female",1,2,"Southampton",25.0,151.55,"No",5,"No Outlier","false"
"First","Male",0,0,"Southampton",48.0,26.55,"Yes",6,"No Outlier","false"
"First","Female",1,0,"Southampton",63.0,77.9583,"Yes",7,"No Outlier","false"
"First","Male",0,0,"Southampton",39.0,0.0,"No",8,"No Outlier","false"
"First","Female",2,0,"Southampton",53.0,51.4792,"Yes",9,"No Outlier","false"
"First","Male",0,0,"Cherbourg",71.0,49.5042,"No",10,"No Outlier","false"
"First","Male",1,0,"Cherbourg",47.0,227.525,"No",11,"No Outlier","false"
"First","Female",1,0,"Cherbourg",18.0,227.525,"Yes",12,"No Outlier","false"
"First","Female",0,0,"Cherbourg",24.0,69.3,"Yes",13,"No Outlier","false"
"First","Female",0,0,"Southampton",26.0,78.85,"Yes",14,"No Outlier","false"
"First","Male",0,0,"Southampton",80.0,30.0,"Yes",15,"No Outlier","false"
"First","Male",0,0,"Southampton",41.0,25.925,"No",16,"No Outlier","false"
"First","Male",0,1,"Cherbourg",24.0,247.5208,"No",17,"No Outlier","false"
"First","Female",0,1,"Cherbourg",50.0,247.5208,"Yes",18,"No Outlier","false"
"First","Female",0,0,"Cherbourg",32.0,76.2917,"Yes",19,"No Outlier","false"
"First","Male",0,0,"Cherbourg",36.0,75.2417,"No",20,"No Outlier","false"
"First","Male",1,1,"Southampton",37.0,52.5542,"Yes",21,"No Outlier","false"
"First","Female",1,1,"Southampton",47.0,52.5542,"Yes",22,"No Outlier","false"
"First","Male",0,0,"Cherbourg",26.0,30.0,"Yes",23,"No Outlier","false"
"First","Female",0,0,"Cherbourg",42.0,227.525,"Yes",24,"No Outlier","false"
"First","Female",0,0,"Southampton",29.0,221.7792,"Yes",25,"No Outlier","false"
"First","Male",0,0,"Cherbourg",25.0,26.0,"No",26,"No Outlier","false"
"First","Male",1,0,"Cherbourg",25.0,91.0792,"Yes",27,"No Outlier","false"
"First","Female",1,0,"Cherbourg",19.0,91.0792,"Yes",28,"No Outlier","false"
"First","Female",0,0,"Southampton",35.0,135.6333,"Yes",29,"No Outlier","false"
"First","Male",0,0,"Southampton",28.0,26.55,"Yes",30,"No Outlier","false"
"First","Male",0,0,"Southampton",45.0,35.5,"No",31,"No Outlier","false"
"First","Male",0,0,"Cherbourg",40.0,31.0,"Yes",32,"No Outlier","false"
"First","Female",0,0,"Southampton",30.0,164.8667,"Yes",33,"No Outlier","false"
"First","Female",0,0,"Southampton",58.0,26.55,"Yes",34,"No Outlier","false"
"First","Male",0,0,"Southampton",42.0,26.55,"No",35,"No Outlier","false"
"First","Female",0,0,"Cherbourg",45.0,262.375,"Yes",36,"No Outlier","false"
"First","Female",0,1,"Southampton",22.0,55.0,"Yes",37,"No Outlier","false"
"First","Male",0,0,"Southampton",41.0,26.55,"Yes",38,"No Outlier","false"
"First","Male",0,0,"Southampton",41.0,30.5,"No",39,"No Outlier","false"
"First","Male",0,0,"Cherbourg",48.0,50.4958,"No",40,"No Outlier","false"
"First","Male",0,0,"Cherbourg",41.0,39.6,"No",41,"No Outlier","false"
"First","Female",0,0,"Cherbourg",44.0,27.7208,"Yes",42,"No Outlier","false"
"First","Female",2,0,"Southampton",59.0,51.4792,"Yes",43,"No Outlier","false"
"First","Female",0,0,"Cherbourg",60.0,76.2917,"Yes",44,"No Outlier","false"
"First","Female",0,0,"Cherbourg",41.0,134.5,"Yes",45,"No Outlier","false"
"First","Male",0,0,"Southampton",45.0,26.55,"No",46,"No Outlier","false"
"First","Male",0,0,"Southampton",35.0,31.0,"No",47,"No Outlier","false"
"First","Male",0,0,"Southampton",42.0,26.2875,"Yes",48,"No Outlier","false"
"First","Female",0,0,"Cherbourg",53.0,27.4458,"Yes",49,"No Outlier","false"
"First","Male",0,1,"Cherbourg",36.0,512.3292,"Yes",50,"Outlier","true"
"First","Female",0,1,"Cherbourg",58.0,512.3292,"Yes",51,"Outlier","true"
"First","Male",0,0,"Southampton",33.0,5.0,"No",52,"No Outlier","false"
"First","Male",0,0,"Southampton",28.0,47.1,"No",53,"No Outlier","false"
"First","Male",0,0,"Southampton",17.0,47.1,"No",54,"No Outlier","false"
"First","Male",1,2,"Southampton",11.0,120.0,"Yes",55,"No Outlier","false"
"First","Female",1,2,"Southampton",14.0,120.0,"Yes",56,"No Outlier","false"
"First","Male",1,2,"Southampton",36.0,120.0,"Yes",57,"No Outlier","false"
"First","Female",1,2,"Southampton",36.0,120.0,"Yes",58,"No Outlier","false"
"First","Male",0,0,"Southampton",49.0,26.0,"No",59,"No Outlier","false"
"First","Female",0,0,"Cherbourg",40.0,27.7208,"Yes",60,"No Outlier","false"
"First","Male",1,0,"Southampton",36.0,78.85,"No",61,"No Outlier","false"
"First","Female",1,0,"Southampton",76.0,78.85,"Yes",62,"No Outlier","false"
"First","Male",1,0,"Southampton",46.0,61.175,"No",63,"No Outlier","false"
"First","Female",1,0,"Southampton",47.0,61.175,"Yes",64,"No Outlier","false"
"First","Male",1,0,"Southampton",27.0,53.1,"Yes",65,"No Outlier","false"
"First","Female",1,0,"Southampton",33.0,53.1,"Yes",66,"No Outlier","false"
"First","Female",0,0,"Cherbourg",36.0,262.375,"Yes",67,"No Outlier","false"
"First","Female",0,0,"Southampton",30.0,86.5,"Yes",68,"No Outlier","false"
"First","Male",0,0,"Cherbourg",45.0,29.7,"Yes",69,"No Outlier","false"
"First","Female",0,1,"Southampton",27.0,55.0,"Yes",70,"No Outlier","false"
"First","Male",0,0,"Southampton",41.0,0.0,"No",71,"No Outlier","false"
"First","Male",1,0,"Cherbourg",27.0,136.7792,"No",72,"No Outlier","false"
"First","Female",1,0,"Cherbourg",26.0,136.7792,"Yes",73,"No Outlier","false"
"First","Female",0,0,"Southampton",22.0,151.55,"Yes",74,"No Outlier","false"
"First","Male",0,0,"Southampton",39.0,52.0,"No",75,"No Outlier","false"
"First","Male",0,0,"Southampton",47.0,25.5875,"No",76,"No Outlier","false"
"First","Female",1,1,"Cherbourg",39.0,83.1583,"Yes",77,"No Outlier","false"
"First","Male",1,1,"Cherbourg",37.0,83.1583,"No",78,"No Outlier","false"
"First","Female",0,2,"Cherbourg",64.0,83.1583,"Yes",79,"No Outlier","false"
"First","Female",2,0,"Southampton",55.0,25.7,"Yes",80,"No Outlier","false"
"First","Male",0,0,"Southampton",40.0,26.55,"No",81,"No Outlier","false"
"First","Male",1,1,"Southampton",70.0,71.0,"No",82,"No Outlier","false"
"First","Female",0,2,"Southampton",36.0,71.0,"Yes",83,"No Outlier","false"
"First","Female",1,1,"Southampton",64.0,26.55,"Yes",84,"No Outlier","false"
"First","Male",1,0,"Cherbourg",39.0,71.2833,"No",85,"No Outlier","false"
"First","Female",1,0,"Cherbourg",38.0,71.2833,"Yes",86,"No Outlier","false"
"First","Male",0,0,"Southampton",51.0,26.55,"Yes",87,"No Outlier","false"
"First","Male",0,0,"Southampton",27.0,30.5,"Yes",88,"No Outlier","false"
"First","Female",0,0,"Southampton",33.0,151.55,"Yes",89,"No Outlier","false"
"First","Male",1,0,"Southampton",31.0,52.0,"No",90,"No Outlier","false"
"First","Female",1,2,"Southampton",27.0,52.0,"Yes",91,"No Outlier","false"
"First","Male",1,0,"Southampton",31.0,57.0,"Yes",92,"No Outlier","false"
"First","Female",1,0,"Southampton",17.0,57.0,"Yes",93,"No Outlier","false"
"First","Male",1,1,"Southampton",53.0,81.8583,"Yes",94,"No Outlier","false"
"First","Male",0,2,"Southampton",4.0,81.8583,"Yes",95,"No Outlier","false"
"First","Female",1,1,"Southampton",54.0,81.8583,"Yes",96,"No Outlier","false"
"First","Male",1,0,"Cherbourg",50.0,106.425,"No",97,"No Outlier","false"
"First","Female",1,1,"Cherbourg",27.0,247.5208,"Yes",98,"No Outlier","false"
"First","Female",1,0,"Cherbourg",48.0,106.425,"Yes",99,"No Outlier","false"
"First","Female",1,0,"Cherbourg",48.0,39.6,"Yes",100,"No Outlier","false"
"First","Male",1,0,"Cherbourg",49.0,56.9292,"Yes",101,"No Outlier","false"
"First","Male",0,0,"Cherbourg",39.0,29.7,"No",102,"No Outlier","false"
"First","Female",0,1,"Cherbourg",23.0,83.1583,"Yes",103,"No Outlier","false"
"First","Female",0,0,"Cherbourg",38.0,227.525,"Yes",104,"No Outlier","false"
"First","Female",1,0,"Cherbourg",54.0,78.2667,"Yes",105,"No Outlier","false"
"First","Female",0,0,"Cherbourg",36.0,31.6792,"No",106,"No Outlier","false"
"First","Male",0,0,"Southampton",43.0,221.7792,"No",107,"No Outlier","false"
"First","Female",0,0,"Southampton",39.0,31.6833,"Yes",108,"No Outlier","false"
"First","Female",0,0,"Cherbourg",40.0,110.8833,"Yes",109,"No Outlier","false"
"First","Male",0,0,"Southampton",36.0,26.3875,"Yes",110,"No Outlier","false"
"First","Male",0,0,"Cherbourg",30.0,27.75,"No",111,"No Outlier","false"
"First","Female",3,2,"Southampton",24.0,263.0,"Yes",112,"No Outlier","false"
"First","Female",3,2,"Southampton",28.0,263.0,"Yes",113,"No Outlier","false"
"First","Female",3,2,"Southampton",23.0,263.0,"Yes",114,"No Outlier","false"
"First","Male",3,2,"Southampton",19.0,263.0,"No",115,"No Outlier","false"
"First","Male",1,4,"Southampton",64.0,263.0,"No",116,"No Outlier","true"
"First","Female",1,4,"Southampton",60.0,263.0,"Yes",117,"No Outlier","true"
"First","Female",0,0,"Cherbourg",30.0,56.9292,"Yes",118,"No Outlier","false"
"First","Male",0,0,"Southampton",40.0,26.55,"No",119,"No Outlier","false"
"First","Male",2,0,"Southampton",50.0,133.65,"Yes",120,"No Outlier","false"
"First","Male",1,0,"Cherbourg",43.0,27.7208,"Yes",121,"No Outlier","false"
"First","Female",1,0,"Southampton",45.0,133.65,"Yes",122,"No Outlier","false"
"First","Female",0,2,"Cherbourg",22.0,49.5,"Yes",123,"No Outlier","false"
"First","Male",1,1,"Cherbourg",60.0,79.2,"Yes",124,"No Outlier","false"
"First","Female",1,1,"Cherbourg",48.0,79.2,"Yes",125,"No Outlier","false"
"First","Male",0,0,"Southampton",41.0,0.0,"No",126,"No Outlier","false"
"First","Male",1,0,"Southampton",37.0,53.1,"No",127,"No Outlier","false"
"First","Female",1,0,"Southampton",35.0,53.1,"Yes",128,"No Outlier","false"
"First","Male",0,0,"Southampton",47.0,38.5,"No",129,"No Outlier","false"
"First","Female",0,0,"Cherbourg",35.0,211.5,"Yes",130,"No Outlier","false"
"First","Female",0,1,"Cherbourg",22.0,59.4,"Yes",131,"No Outlier","false"
"First","Female",0,1,"Cherbourg",45.0,59.4,"Yes",132,"No Outlier","false"
"First","Male",0,0,"Cherbourg",24.0,79.2,"No",133,"No Outlier","false"
"First","Male",1,0,"Cherbourg",49.0,89.1042,"Yes",134,"No Outlier","false"
"First","Female",1,0,"Cherbourg",44.0,89.1042,"Yes",135,"No Outlier","false"
"First","Male",0,0,"Cherbourg",71.0,34.6542,"No",136,"No Outlier","false"
"First","Male",0,0,"Cherbourg",53.0,28.5,"Yes",137,"No Outlier","false"
"First","Female",0,0,"Southampton",19.0,30.0,"Yes",138,"No Outlier","false"
"First","Male",0,1,"Southampton",38.0,153.4625,"No",139,"No Outlier","false"
"First","Female",0,1,"Southampton",58.0,153.4625,"Yes",140,"No Outlier","false"
"First","Male",0,1,"Cherbourg",23.0,63.3583,"Yes",141,"No Outlier","false"
"First","Female",0,1,"Cherbourg",45.0,63.3583,"Yes",142,"No Outlier","false"
"First","Male",0,0,"Cherbourg",46.0,79.2,"No",143,"No Outlier","false"
"First","Male",1,0,"Cherbourg",25.0,55.4417,"Yes",144,"No Outlier","false"
"First","Female",1,0,"Cherbourg",25.0,55.4417,"Yes",145,"No Outlier","false"
"First","Male",1,0,"Cherbourg",48.0,76.7292,"Yes",146,"No Outlier","false"
"First","Female",1,0,"Cherbourg",49.0,76.7292,"Yes",147,"No Outlier","false"
"First","Male",0,0,"Southampton",40.0,42.4,"No",148,"No Outlier","false"
"First","Male",1,0,"Southampton",45.0,83.475,"No",149,"No Outlier","false"
"First","Female",1,0,"Southampton",35.0,83.475,"Yes",150,"No Outlier","false"
"First","Male",0,0,"Southampton",40.0,0.0,"No",151,"No Outlier","false"
"First","Male",0,0,"Cherbourg",27.0,76.7292,"Yes",152,"No Outlier","false"
"First","Male",0,0,"Southampton",40.0,30.0,"Yes",153,"No Outlier","false"
"First","Female",0,0,"Cherbourg",24.0,83.1583,"Yes",154,"No Outlier","false"
"First","Male",1,1,"Southampton",55.0,93.5,"No",155,"No Outlier","false"
"First","Female",1,1,"Southampton",52.0,93.5,"Yes",156,"No Outlier","false"
"First","Male",0,0,"Southampton",42.0,42.5,"No",157,"No Outlier","false"
"First","Male",0,0,"Southampton",39.0,51.8625,"No",158,"No Outlier","false"
"First","Male",0,0,"Southampton",55.0,50.0,"No",159,"No Outlier","false"
"First","Female",0,1,"Cherbourg",16.0,57.9792,"Yes",160,"No Outlier","false"
"First","Female",0,1,"Cherbourg",44.0,57.9792,"Yes",161,"No Outlier","false"
"First","Female",1,0,"Southampton",51.0,77.9583,"Yes",162,"No Outlier","false"
"First","Male",1,0,"Southampton",42.0,52.0,"No",163,"No Outlier","false"
"First","Female",1,0,"Southampton",35.0,52.0,"Yes",164,"No Outlier","false"
"First","Male",0,0,"Cherbourg",35.0,26.55,"Yes",165,"No Outlier","false"
"First","Male",1,0,"Southampton",38.0,90.0,"Yes",166,"No Outlier","false"
"First","Male",0,0,"Cherbourg",38.0,30.6958,"No",167,"No Outlier","false"
"First","Female",1,0,"Southampton",35.0,90.0,"Yes",168,"No Outlier","false"
"First","Female",0,0,"Cherbourg",38.0,80.0,"Yes",169,"No Outlier","false"
"First","Female",0,0,"Cherbourg",50.0,28.7125,"No",170,"No Outlier","false"
"First","Male",0,0,"Southampton",49.0,0.0,"Yes",171,"No Outlier","false"
"First","Male",0,0,"Southampton",46.0,26.0,"No",172,"No Outlier","false"
"First","Male",0,0,"Southampton",50.0,26.0,"No",173,"No Outlier","false"
"First","Male",0,0,"Cherbourg",32.5,211.5,"No",174,"No Outlier","false"
"First","Male",0,0,"Cherbourg",58.0,29.7,"No",175,"No Outlier","false"
"First","Male",1,0,"Southampton",41.0,51.8625,"No",176,"No Outlier","false"
"First","Female",1,0,"Southampton",41.0,51.8625,"Yes",177,"No Outlier","false"
"First","Male",1,0,"Southampton",42.0,52.5542,"Yes",178,"No Outlier","false"
"First","Female",1,0,"Southampton",45.0,52.5542,"Yes",179,"No Outlier","false"
"First","Male",0,0,"Southampton",42.0,26.55,"No",180,"No Outlier","false"
"First","Female",0,0,"Southampton",39.0,211.3375,"Yes",181,"No Outlier","false"
"First","Female",0,0,"Southampton",49.0,25.9292,"Yes",182,"No Outlier","false"
"First","Female",0,0,"Cherbourg",30.0,106.425,"Yes",183,"No Outlier","false"
"First","Male",0,0,"Cherbourg",35.0,512.3292,"Yes",184,"Outlier","true"
"First","Male",0,0,"Cherbourg",39.0,27.7208,"No",185,"No Outlier","false"
"First","Male",0,0,"Southampton",42.0,26.55,"No",186,"No Outlier","false"
"First","Female",0,0,"Cherbourg",55.0,27.7208,"Yes",187,"No Outlier","false"
"First","Female",0,1,"Southampton",16.0,39.4,"Yes",188,"No Outlier","false"
"First","Female",0,1,"Southampton",51.0,39.4,"Yes",189,"No Outlier","false"
"First","Male",0,0,"Southampton",29.0,30.0,"No",190,"No Outlier","false"
"First","Female",0,0,"Southampton",21.0,77.9583,"Yes",191,"No Outlier","false"
"First","Male",0,0,"Southampton",30.0,45.5,"No",192,"No Outlier","false"
"First","Female",0,0,"Cherbourg",58.0,146.5208,"Yes",193,"No Outlier","false"
"First","Female",0,1,"Southampton",15.0,211.3375,"Yes",194,"No Outlier","false"
"First","Male",0,0,"Southampton",30.0,26.0,"No",195,"No Outlier","false"
"First","Female",0,0,"Southampton",16.0,86.5,"Yes",196,"No Outlier","false"
"First","Male",0,0,"Cherbourg",45.0,29.7,"Yes",197,"No Outlier","false"
"First","Male",1,0,"Southampton",19.0,53.1,"No",198,"No Outlier","false"
"First","Female",1,0,"Southampton",18.0,53.1,"Yes",199,"No Outlier","false"
"First","Female",0,0,"Cherbourg",24.0,49.5042,"Yes",200,"No Outlier","false"
"First","Male",0,0,"Cherbourg",46.0,75.2417,"No",201,"No Outlier","false"
"First","Male",0,0,"Southampton",54.0,51.8625,"No",202,"No Outlier","false"
"First","Male",0,0,"Southampton",36.0,26.2875,"Yes",203,"No Outlier","false"
"First","Male",1,0,"Cherbourg",28.0,82.1708,"No",204,"No Outlier","false"
"First","Female",1,0,"Cherbourg",38.0,82.1708,"Yes",205,"No Outlier","false"
"First","Male",0,0,"Southampton",65.0,26.55,"No",206,"No Outlier","false"
"First","Male",2,0,"Queenstown",44.0,90.0,"No",207,"No Outlier","false"
"First","Female",1,0,"Queenstown",33.0,90.0,"Yes",208,"No Outlier","false"
"First","Female",1,0,"Queenstown",37.0,90.0,"Yes",209,"No Outlier","false"
"First","Male",1,0,"Cherbourg",30.0,57.75,"Yes",210,"No Outlier","false"
"First","Male",0,0,"Southampton",55.0,30.5,"No",211,"No Outlier","false"
"First","Male",0,0,"Southampton",47.0,42.4,"No",212,"No Outlier","false"
"First","Male",0,1,"Cherbourg",37.0,29.7,"No",213,"No Outlier","false"
"First","Female",1,0,"Cherbourg",31.0,113.275,"Yes",214,"No Outlier","false"
"First","Female",1,0,"Cherbourg",23.0,113.275,"Yes",215,"No Outlier","false"
"First","Male",0,2,"Cherbourg",58.0,113.275,"No",216,"No Outlier","false"
"First","Female",0,2,"Southampton",19.0,26.2833,"Yes",217,"No Outlier","false"
"First","Male",0,0,"Southampton",64.0,26.0,"No",218,"No Outlier","false"
"First","Female",0,0,"Cherbourg",39.0,108.9,"Yes",219,"No Outlier","false"
"First","Male",0,0,"Cherbourg",41.0,25.7417,"Yes",220,"No Outlier","false"
"First","Female",0,1,"Cherbourg",22.0,61.9792,"Yes",221,"No Outlier","false"
"First","Male",0,1,"Cherbourg",65.0,61.9792,"No",222,"No Outlier","false"
"First","Male",0,0,"Cherbourg",28.5,27.7208,"No",223,"No Outlier","false"
"First","Male",0,0,"Southampton",41.0,0.0,"No",224,"No Outlier","false"
"First","Male",0,0,"Southampton",45.5,28.5,"No",225,"No Outlier","false"
"First","Male",0,0,"Southampton",23.0,93.5,"No",226,"No Outlier","false"
"First","Male",1,0,"Southampton",29.0,66.6,"No",227,"No Outlier","false"
"First","Female",1,0,"Southampton",22.0,66.6,"Yes",228,"No Outlier","false"
"First","Male",1,0,"Cherbourg",18.0,108.9,"No",229,"No Outlier","false"
"First","Female",1,0,"Cherbourg",17.0,108.9,"Yes",230,"No Outlier","false"
"First","Female",0,0,"Southampton",30.0,93.5,"Yes",231,"No Outlier","false"
"First","Male",0,0,"Southampton",52.0,30.5,"Yes",232,"No Outlier","false"
"First","Male",0,0,"Southampton",47.0,52.0,"No",233,"No Outlier","false"
"First","Female",0,1,"Cherbourg",56.0,83.1583,"Yes",234,"No Outlier","false"
"First","Male",0,0,"Southampton",38.0,0.0,"No",235,"No Outlier","false"
"First","Male",0,0,"Southampton",39.0,39.6,"Yes",236,"No Outlier","false"
"First","Male",0,0,"Cherbourg",22.0,135.6333,"No",237,"No Outlier","false"
"First","Male",0,0,"Cherbourg",39.0,227.525,"No",238,"No Outlier","false"
"First","Female",0,1,"Southampton",43.0,211.3375,"Yes",239,"No Outlier","false"
"First","Male",0,0,"Southampton",31.0,50.4958,"No",240,"No Outlier","false"
"First","Male",0,0,"Southampton",45.0,26.55,"Yes",241,"No Outlier","false"
"First","Male",0,0,"Southampton",38.0,50.0,"No",242,"No Outlier","false"
"First","Female",0,0,"Cherbourg",33.0,27.7208,"Yes",243,"No Outlier","false"
"First","Male",0,0,"Cherbourg",46.0,79.2,"No",244,"No Outlier","false"
"First","Male",0,0,"Cherbourg",36.0,40.125,"No",245,"No Outlier","false"
"First","Female",0,0,"Southampton",33.0,86.5,"Yes",246,"No Outlier","false"
"First","Male",1,0,"Cherbourg",55.0,59.4,"No",247,"No Outlier","false"
"First","Female",1,0,"Cherbourg",54.0,59.4,"Yes",248,"No Outlier","false"
"First","Male",0,0,"Southampton",33.0,26.55,"No",249,"No Outlier","false"
"First","Male",2,2,"Cherbourg",13.0,262.375,"Yes",250,"No Outlier","true"
"First","Female",2,2,"Cherbourg",18.0,262.375,"Yes",251,"No Outlier","false"
"First","Female",2,2,"Cherbourg",21.0,262.375,"Yes",252,"No Outlier","false"
"First","Male",1,3,"Cherbourg",61.0,262.375,"No",253,"No Outlier","true"
"First","Female",1,3,"Cherbourg",48.0,262.375,"Yes",254,"No Outlier","false"
"First","Male",0,0,"Southampton",44.0,30.5,"Yes",255,"No Outlier","false"
"First","Female",0,0,"Cherbourg",24.0,69.3,"Yes",256,"No Outlier","false"
"First","Male",0,0,"Southampton",40.0,26.0,"Yes",257,"No Outlier","false"
"First","Female",1,0,"Cherbourg",35.0,57.75,"Yes",258,"No Outlier","false"
"First","Female",0,0,"Cherbourg",30.0,31.0,"Yes",259,"No Outlier","false"
"First","Male",0,0,"Southampton",34.0,26.55,"Yes",260,"No Outlier","false"
"First","Female",0,0,"Southampton",40.0,153.4625,"Yes",261,"No Outlier","false"
"First","Male",0,0,"Southampton",35.0,26.2875,"Yes",262,"No Outlier","false"
"First","Male",1,0,"Southampton",50.0,55.9,"No",263,"No Outlier","false"
"First","Female",1,0,"Southampton",39.0,55.9,"Yes",264,"No Outlier","false"
"First","Male",0,0,"Cherbourg",56.0,35.5,"Yes",265,"No Outlier","false"
"First","Male",0,0,"Southampton",28.0,35.5,"Yes",266,"No Outlier","false"
"First","Male",0,0,"Southampton",56.0,26.55,"No",267,"No Outlier","false"
"First","Male",0,0,"Cherbourg",56.0,30.6958,"No",268,"No Outlier","false"
"First","Male",1,0,"Southampton",24.0,60.0,"No",269,"No Outlier","false"
"First","Male",0,0,"Southampton",40.0,26.0,"No",270,"No Outlier","false"
"First","Female",1,0,"Southampton",18.0,60.0,"Yes",271,"No Outlier","false"
"First","Male",1,0,"Southampton",24.0,82.2667,"Yes",272,"No Outlier","false"
"First","Female",1,0,"Southampton",23.0,82.2667,"Yes",273,"No Outlier","false"
"First","Male",0,2,"Cherbourg",6.0,134.5,"Yes",274,"No Outlier","false"
"First","Male",1,1,"Cherbourg",45.0,134.5,"Yes",275,"No Outlier","false"
"First","Female",1,1,"Cherbourg",40.0,134.5,"Yes",276,"No Outlier","false"
"First","Male",1,0,"Cherbourg",57.0,146.5208,"No",277,"No Outlier","false"
"First","Female",1,0,"Cherbourg",40.0,146.5208,"Yes",278,"No Outlier","false"
"First","Male",0,0,"Cherbourg",32.0,30.5,"Yes",279,"No Outlier","false"
"First","Male",0,0,"Southampton",62.0,26.55,"No",280,"No Outlier","false"
"First","Male",1,0,"Cherbourg",54.0,55.4417,"Yes",281,"No Outlier","false"
"First","Female",1,0,"Cherbourg",43.0,55.4417,"Yes",282,"No Outlier","false"
"First","Female",1,0,"Cherbourg",52.0,78.2667,"Yes",283,"No Outlier","false"
"First","Male",0,0,"Cherbourg",39.0,27.7208,"No",284,"No Outlier","false"
"First","Female",0,0,"Cherbourg",62.0,80.0,"Yes",285,"No Outlier","false"
"First","Male",1,0,"Southampton",67.0,221.7792,"No",286,"No Outlier","false"
"First","Female",1,0,"Southampton",63.0,221.7792,"No",287,"No Outlier","false"
"First","Male",0,0,"Southampton",61.0,32.3208,"No",288,"No Outlier","false"
"First","Female",0,0,"Southampton",48.0,25.9292,"Yes",289,"No Outlier","false"
"First","Female",0,2,"Southampton",18.0,79.65,"Yes",290,"No Outlier","false"
"First","Male",1,1,"Southampton",52.0,79.65,"No",291,"No Outlier","false"
"First","Female",1,1,"Southampton",39.0,79.65,"Yes",292,"No Outlier","false"
"First","Male",1,0,"Southampton",48.0,52.0,"Yes",293,"No Outlier","false"
"First","Female",1,0,"Southampton",40.0,52.0,"Yes",294,"No Outlier","false"
"First","Male",1,1,"Cherbourg",49.0,110.8833,"No",295,"No Outlier","false"
"First","Male",0,2,"Cherbourg",17.0,110.8833,"Yes",296,"No Outlier","false"
"First","Female",1,1,"Cherbourg",39.0,110.8833,"Yes",297,"No Outlier","false"
"First","Female",0,0,"Cherbourg",39.0,79.2,"Yes",298,"No Outlier","false"
"First","Male",0,0,"Cherbourg",31.0,28.5375,"Yes",299,"No Outlier","false"
"First","Male",0,0,"Cherbourg",40.0,27.7208,"No",300,"No Outlier","false"
"First","Male",0,0,"Southampton",61.0,33.5,"No",301,"No Outlier","false"
"First","Male",0,0,"Southampton",47.0,34.0208,"No",302,"No Outlier","false"
"First","Female",0,0,"Cherbourg",35.0,512.3292,"Yes",303,"Outlier","true"
"First","Male",1,0,"Cherbourg",64.0,75.25,"No",304,"No Outlier","false"
"First","Female",1,0,"Cherbourg",60.0,75.25,"Yes",305,"No Outlier","false"
"First","Male",0,0,"Southampton",60.0,26.55,"No",306,"No Outlier","false"
"First","Male",0,1,"Southampton",54.0,77.2875,"No",307,"No Outlier","false"
"First","Male",0,1,"Southampton",21.0,77.2875,"No",308,"No Outlier","false"
"First","Female",0,0,"Cherbourg",55.0,135.6333,"Yes",309,"No Outlier","false"
"First","Female",0,2,"Southampton",31.0,164.8667,"Yes",310,"No Outlier","false"
"First","Male",1,1,"Southampton",57.0,164.8667,"No",311,"No Outlier","false"
"First","Female",1,1,"Southampton",45.0,164.8667,"Yes",312,"No Outlier","false"
"First","Male",1,1,"Cherbourg",50.0,211.5,"No",313,"No Outlier","false"
"First","Male",0,2,"Cherbourg",27.0,211.5,"No",314,"No Outlier","false"
"First","Female",1,1,"Cherbourg",50.0,211.5,"Yes",315,"No Outlier","false"
"First","Female",0,0,"Southampton",21.0,26.55,"Yes",316,"No Outlier","false"
"First","Male",0,1,"Cherbourg",51.0,61.3792,"No",317,"No Outlier","false"
"First","Male",0,1,"Cherbourg",21.0,61.3792,"Yes",318,"No Outlier","false"
"First","Male",0,0,"Southampton",40.0,35.0,"No",319,"No Outlier","false"
"First","Female",0,0,"Cherbourg",31.0,134.5,"Yes",320,"No Outlier","false"
"First","Male",0,0,"Southampton",40.0,35.5,"Yes",321,"No Outlier","false"
"First","Male",0,0,"Southampton",62.0,26.55,"No",322,"No Outlier","false"
"First","Female",0,0,"Cherbourg",36.0,135.6333,"Yes",323,"No Outlier","false"
"Second","Male",1,0,"Cherbourg",30.0,24.0,"No",324,"No Outlier","false"
"Second","Female",1,0,"Cherbourg",28.0,24.0,"Yes",325,"No Outlier","false"
"Second","Male",0,0,"Southampton",30.0,13.0,"No",326,"No Outlier","false"
"Second","Male",0,0,"Southampton",18.0,11.5,"No",327,"No Outlier","false"
"Second","Male",0,0,"Southampton",25.0,10.5,"No",328,"No Outlier","false"
"Second","Male",1,0,"Southampton",34.0,26.0,"No",329,"No Outlier","false"
"Second","Female",1,0,"Southampton",36.0,26.0,"Yes",330,"No Outlier","false"
"Second","Male",0,0,"Southampton",57.0,13.0,"No",331,"No Outlier","false"
"Second","Male",0,0,"Southampton",18.0,11.5,"No",332,"No Outlier","false"
"Second","Male",0,0,"Southampton",23.0,10.5,"No",333,"No Outlier","false"
"Second","Female",0,0,"Southampton",36.0,13.0,"Yes",334,"No Outlier","false"
"Second","Male",0,0,"Southampton",28.0,10.5,"No",335,"No Outlier","false"
"Second","Male",0,0,"Southampton",51.0,12.525,"No",336,"No Outlier","false"
"Second","Male",1,0,"Southampton",32.0,26.0,"Yes",337,"No Outlier","false"
"Second","Female",1,0,"Southampton",19.0,26.0,"Yes",338,"No Outlier","false"
"Second","Male",0,0,"Southampton",28.0,26.0,"No",339,"No Outlier","false"
"Second","Male",2,1,"Southampton",1.0,39.0,"Yes",340,"No Outlier","false"
"Second","Female",2,1,"Southampton",4.0,39.0,"Yes",341,"No Outlier","false"
"Second","Female",2,1,"Southampton",12.0,39.0,"Yes",342,"No Outlier","false"
"Second","Female",0,3,"Southampton",36.0,39.0,"Yes",343,"No Outlier","false"
"Second","Male",0,0,"Southampton",34.0,13.0,"Yes",344,"No Outlier","false"
"Second","Female",0,0,"Southampton",19.0,13.0,"Yes",345,"No Outlier","false"
"Second","Male",0,0,"Southampton",23.0,13.0,"No",346,"No Outlier","false"
"Second","Male",0,0,"Southampton",26.0,13.0,"No",347,"No Outlier","false"
"Second","Male",0,0,"Southampton",42.0,13.0,"No",348,"No Outlier","false"
"Second","Male",0,0,"Southampton",27.0,13.0,"No",349,"No Outlier","false"
"Second","Female",0,0,"Southampton",24.0,13.0,"Yes",350,"No Outlier","false"
"Second","Female",0,2,"Southampton",15.0,39.0,"Yes",351,"No Outlier","false"
"Second","Male",1,1,"Southampton",60.0,39.0,"No",352,"No Outlier","false"
"Second","Female",1,1,"Southampton",40.0,39.0,"Yes",353,"No Outlier","false"
"Second","Female",1,0,"Southampton",20.0,26.0,"Yes",354,"No Outlier","false"
"Second","Male",1,0,"Southampton",25.0,26.0,"No",355,"No Outlier","false"
"Second","Female",0,0,"Southampton",36.0,13.0,"Yes",356,"No Outlier","false"
"Second","Male",0,0,"Southampton",25.0,13.0,"No",357,"No Outlier","false"
"Second","Male",0,0,"Southampton",42.0,13.0,"No",358,"No Outlier","false"
"Second","Female",0,0,"Southampton",42.0,13.0,"Yes",359,"No Outlier","false"
"Second","Male",0,2,"Southampton",0.8333,29.0,"Yes",360,"No Outlier","false"
"Second","Male",1,1,"Southampton",26.0,29.0,"Yes",361,"No Outlier","false"
"Second","Female",1,1,"Southampton",22.0,29.0,"Yes",362,"No Outlier","false"
"Second","Female",0,0,"Southampton",35.0,21.0,"Yes",363,"No Outlier","false"
"Second","Male",0,0,"Southampton",39.0,0.0,"No",364,"No Outlier","false"
"Second","Male",0,0,"Southampton",19.0,13.0,"No",365,"No Outlier","false"
"Second","Female",1,0,"Southampton",44.0,26.0,"No",366,"No Outlier","false"
"Second","Male",1,0,"Southampton",54.0,26.0,"No",367,"No Outlier","false"
"Second","Male",0,0,"Southampton",52.0,13.5,"No",368,"No Outlier","false"
"Second","Male",1,0,"Southampton",37.0,26.0,"No",369,"No Outlier","false"
"Second","Female",1,0,"Southampton",29.0,26.0,"No",370,"No Outlier","false"
"Second","Female",1,1,"Southampton",25.0,30.0,"Yes",371,"No Outlier","false"
"Second","Female",0,2,"Southampton",45.0,30.0,"Yes",372,"No Outlier","false"
"Second","Male",1,0,"Southampton",29.0,26.0,"No",373,"No Outlier","false"
"Second","Female",1,0,"Southampton",28.0,26.0,"Yes",374,"No Outlier","false"
"Second","Male",0,0,"Southampton",29.0,10.5,"No",375,"No Outlier","false"
"Second","Male",0,0,"Southampton",28.0,13.0,"No",376,"No Outlier","false"
"Second","Male",0,0,"Southampton",24.0,10.5,"Yes",377,"No Outlier","false"
"Second","Female",0,2,"Southampton",8.0,26.25,"Yes",378,"No Outlier","false"
"Second","Male",1,1,"Southampton",31.0,26.25,"No",379,"No Outlier","false"
"Second","Female",1,1,"Southampton",31.0,26.25,"Yes",380,"No Outlier","false"
"Second","Female",0,0,"Southampton",22.0,10.5,"Yes",381,"No Outlier","false"
"Second","Female",0,0,"Southampton",30.0,13.0,"No",382,"No Outlier","false"
"Second","Female",0,0,"Southampton",31.0,21.0,"No",383,"No Outlier","false"
"Second","Male",0,0,"Southampton",21.0,11.5,"No",384,"No Outlier","false"
"Second","Male",0,0,"Southampton",38.0,0.0,"No",385,"No Outlier","false"
"Second","Male",1,1,"Southampton",8.0,36.75,"Yes",386,"No Outlier","false"
"Second","Male",0,0,"Southampton",18.0,73.5,"No",387,"No Outlier","false"
"Second","Female",0,2,"Southampton",48.0,36.75,"Yes",388,"No Outlier","false"
"Second","Female",0,0,"Southampton",28.0,13.0,"Yes",389,"No Outlier","false"
"Second","Male",0,0,"Southampton",32.0,13.0,"No",390,"No Outlier","false"
"Second","Male",0,0,"Southampton",17.0,73.5,"No",391,"No Outlier","false"
"Second","Male",1,0,"Cherbourg",29.0,27.7208,"No",392,"No Outlier","false"
"Second","Female",1,0,"Cherbourg",24.0,27.7208,"Yes",393,"No Outlier","false"
"Second","Male",0,0,"Southampton",25.0,31.5,"No",394,"No Outlier","false"
"Second","Male",0,0,"Southampton",18.0,73.5,"No",395,"No Outlier","false"
"Second","Female",0,1,"Southampton",18.0,23.0,"Yes",396,"No Outlier","false"
"Second","Female",0,1,"Southampton",34.0,23.0,"Yes",397,"No Outlier","false"
"Second","Male",0,0,"Southampton",54.0,26.0,"No",398,"No Outlier","false"
"Second","Male",0,2,"Southampton",8.0,32.5,"Yes",399,"No Outlier","false"
"Second","Male",1,1,"Southampton",42.0,32.5,"No",400,"No Outlier","false"
"Second","Female",1,1,"Southampton",34.0,32.5,"Yes",401,"No Outlier","false"
"Second","Female",1,0,"Cherbourg",27.0,13.8583,"Yes",402,"No Outlier","false"
"Second","Female",1,0,"Cherbourg",30.0,13.8583,"Yes",403,"No Outlier","false"
"Second","Male",0,0,"Southampton",23.0,13.0,"No",404,"No Outlier","false"
"Second","Male",0,0,"Southampton",21.0,13.0,"No",405,"No Outlier","false"
"Second","Male",0,0,"Southampton",18.0,13.0,"No",406,"No Outlier","false"
"Second","Male",1,0,"Southampton",40.0,26.0,"No",407,"No Outlier","false"
"Second","Female",1,0,"Southampton",29.0,26.0,"Yes",408,"No Outlier","false"
"Second","Male",0,0,"Southampton",18.0,10.5,"No",409,"No Outlier","false"
"Second","Male",0,0,"Southampton",36.0,13.0,"No",410,"No Outlier","false"
"Second","Male",0,0,"Southampton",41.0,0.0,"No",411,"No Outlier","false"
"Second","Female",0,0,"Southampton",38.0,13.0,"No",412,"No Outlier","false"
"Second","Male",0,0,"Southampton",35.0,26.0,"No",413,"No Outlier","false"
"Second","Male",1,0,"Southampton",38.0,21.0,"No",414,"No Outlier","false"
"Second","Male",1,0,"Southampton",34.0,21.0,"No",415,"No Outlier","false"
"Second","Female",0,0,"Southampton",34.0,13.0,"Yes",416,"No Outlier","false"
"Second","Male",0,0,"Southampton",16.0,26.0,"No",417,"No Outlier","false"
"Second","Male",0,0,"Southampton",26.0,10.5,"No",418,"No Outlier","false"
"Second","Male",0,0,"Southampton",47.0,10.5,"No",419,"No Outlier","false"
"Second","Male",1,0,"Southampton",21.0,11.5,"No",420,"No Outlier","false"
"Second","Male",1,0,"Southampton",21.0,11.5,"No",421,"No Outlier","false"
"Second","Male",0,0,"Southampton",24.0,13.5,"No",422,"No Outlier","false"
"Second","Male",0,0,"Southampton",24.0,13.0,"No",423,"No Outlier","false"
"Second","Male",0,0,"Southampton",34.0,13.0,"No",424,"No Outlier","false"
"Second","Male",0,0,"Southampton",30.0,13.0,"No",425,"No Outlier","false"
"Second","Male",0,0,"Southampton",52.0,13.0,"No",426,"No Outlier","false"
"Second","Male",0,0,"Southampton",30.0,13.0,"No",427,"No Outlier","false"
"Second","Male",1,1,"Southampton",0.6667,14.5,"Yes",428,"No Outlier","false"
"Second","Female",0,2,"Southampton",24.0,14.5,"Yes",429,"No Outlier","false"
"Second","Male",0,0,"Southampton",44.0,13.0,"No",430,"No Outlier","false"
"Second","Female",0,1,"Southampton",6.0,33.0,"Yes",431,"No Outlier","false"
"Second","Male",0,1,"Southampton",28.0,33.0,"No",432,"No Outlier","false"
"Second","Male",0,0,"Southampton",62.0,10.5,"Yes",433,"No Outlier","false"
"Second","Male",0,0,"Southampton",30.0,10.5,"No",434,"No Outlier","false"
"Second","Female",0,2,"Southampton",7.0,26.25,"Yes",435,"No Outlier","false"
"Second","Male",1,1,"Southampton",43.0,26.25,"No",436,"No Outlier","false"
"Second","Female",1,1,"Southampton",45.0,26.25,"Yes",437,"No Outlier","false"
"Second","Female",1,2,"Southampton",24.0,65.0,"Yes",438,"No Outlier","false"
"Second","Female",1,2,"Southampton",24.0,65.0,"Yes",439,"No Outlier","false"
"Second","Male",1,2,"Southampton",49.0,65.0,"No",440,"No Outlier","false"
"Second","Female",1,2,"Southampton",48.0,65.0,"Yes",441,"No Outlier","false"
"Second","Female",0,0,"Southampton",55.0,16.0,"Yes",442,"No Outlier","false"
"Second","Male",2,0,"Southampton",24.0,73.5,"No",443,"No Outlier","false"
"Second","Male",2,0,"Southampton",32.0,73.5,"No",444,"No Outlier","false"
"Second","Male",2,0,"Southampton",21.0,73.5,"No",445,"No Outlier","false"
"Second","Female",1,1,"Southampton",18.0,13.0,"No",446,"No Outlier","false"
"Second","Female",2,1,"Southampton",20.0,23.0,"Yes",447,"No Outlier","false"
"Second","Male",2,1,"Southampton",23.0,11.5,"No",448,"No Outlier","false"
"Second","Male",0,0,"Southampton",36.0,13.0,"No",449,"No Outlier","false"
"Second","Female",1,3,"Southampton",54.0,23.0,"Yes",450,"No Outlier","false"
"Second","Male",0,0,"Southampton",50.0,13.0,"No",451,"No Outlier","false"
"Second","Male",1,0,"Southampton",44.0,26.0,"No",452,"No Outlier","false"
"Second","Female",1,0,"Southampton",29.0,26.0,"Yes",453,"No Outlier","false"
"Second","Male",0,0,"Southampton",21.0,73.5,"No",454,"No Outlier","false"
"Second","Male",0,0,"Southampton",42.0,13.0,"Yes",455,"No Outlier","false"
"Second","Male",1,0,"Southampton",63.0,26.0,"No",456,"No Outlier","false"
"Second","Female",1,0,"Southampton",60.0,26.0,"No",457,"No Outlier","false"
"Second","Male",0,0,"Southampton",33.0,12.275,"No",458,"No Outlier","false"
"Second","Female",0,0,"Southampton",17.0,10.5,"Yes",459,"No Outlier","false"
"Second","Male",1,0,"Southampton",42.0,27.0,"No",460,"No Outlier","false"
"Second","Female",2,1,"Southampton",24.0,27.0,"Yes",461,"No Outlier","false"
"Second","Male",0,0,"Southampton",47.0,15.0,"No",462,"No Outlier","false"
"Second","Male",2,0,"Southampton",24.0,31.5,"No",463,"No Outlier","false"
"Second","Male",2,0,"Southampton",22.0,31.5,"No",464,"No Outlier","false"
"Second","Male",0,0,"Southampton",32.0,10.5,"No",465,"No Outlier","false"
"Second","Female",0,0,"Cherbourg",23.0,13.7917,"Yes",466,"No Outlier","false"
"Second","Male",1,0,"Southampton",34.0,26.0,"No",467,"No Outlier","false"
"Second","Female",1,0,"Southampton",24.0,26.0,"Yes",468,"No Outlier","false"
"Second","Female",0,0,"Southampton",22.0,21.0,"No",469,"No Outlier","false"
"Second","Female",0,0,"Queenstown",30.0,12.35,"Yes",470,"No Outlier","false"
"Second","Male",0,0,"Queenstown",35.0,12.35,"No",471,"No Outlier","false"
"Second","Female",0,0,"Southampton",45.0,13.5,"Yes",472,"No Outlier","false"
"Second","Male",0,0,"Queenstown",57.0,12.35,"No",473,"No Outlier","false"
"Second","Male",0,0,"Southampton",40.0,0.0,"No",474,"No Outlier","false"
"Second","Male",0,0,"Southampton",31.0,10.5,"No",475,"No Outlier","false"
"Second","Female",1,1,"Southampton",26.0,26.0,"No",476,"No Outlier","false"
"Second","Male",1,1,"Southampton",30.0,26.0,"No",477,"No Outlier","false"
"Second","Male",0,0,"Queenstown",35.0,10.7083,"No",478,"No Outlier","false"
"Second","Female",1,2,"Cherbourg",1.0,41.5792,"Yes",479,"No Outlier","false"
"Second","Female",1,2,"Cherbourg",3.0,41.5792,"Yes",480,"No Outlier","false"
"Second","Male",1,2,"Cherbourg",25.0,41.5792,"No",481,"No Outlier","false"
"Second","Female",1,2,"Cherbourg",22.0,41.5792,"Yes",482,"No Outlier","false"
"Second","Female",0,0,"Cherbourg",17.0,12.0,"Yes",483,"No Outlier","false"
"Second","Female",0,0,"Southampton",30.0,33.0,"Yes",484,"No Outlier","false"
"Second","Female",0,0,"Southampton",34.0,10.5,"Yes",485,"No Outlier","false"
"Second","Male",0,0,"Cherbourg",36.0,12.875,"No",486,"No Outlier","false"
"Second","Male",0,0,"Southampton",24.0,10.5,"No",487,"No Outlier","false"
"Second","Male",0,0,"Queenstown",61.0,12.35,"No",488,"No Outlier","false"
"Second","Male",1,0,"Southampton",50.0,26.0,"No",489,"No Outlier","false"
"Second","Female",1,0,"Southampton",42.0,26.0,"Yes",490,"No Outlier","false"
"Second","Female",0,0,"Southampton",57.0,10.5,"No",491,"No Outlier","false"
"Second","Male",0,0,"Cherbourg",30.0,15.0458,"No",492,"No Outlier","false"
"Second","Male",0,2,"Cherbourg",1.0,37.0042,"Yes",493,"No Outlier","false"
"Second","Male",1,1,"Cherbourg",31.0,37.0042,"No",494,"No Outlier","false"
"Second","Female",1,1,"Cherbourg",24.0,37.0042,"Yes",495,"No Outlier","false"
"Second","Male",0,0,"Cherbourg",30.0,15.5792,"No",496,"No Outlier","false"
"Second","Male",0,0,"Southampton",30.0,13.0,"No",497,"No Outlier","false"
"Second","Male",0,0,"Southampton",40.0,16.0,"No",498,"No Outlier","false"
"Second","Male",0,0,"Southampton",32.0,13.5,"No",499,"No Outlier","false"
"Second","Male",0,0,"Southampton",30.0,13.0,"No",500,"No Outlier","false"
"Second","Male",0,0,"Southampton",46.0,26.0,"No",501,"No Outlier","false"
"Second","Female",0,1,"Southampton",13.0,19.5,"Yes",502,"No Outlier","false"
"Second","Female",0,1,"Southampton",41.0,19.5,"Yes",503,"No Outlier","false"
"Second","Male",0,0,"Southampton",19.0,10.5,"Yes",504,"No Outlier","false"
"Second","Male",0,0,"Southampton",39.0,13.0,"No",505,"No Outlier","false"
"Second","Male",0,0,"Southampton",48.0,13.0,"No",506,"No Outlier","false"
"Second","Male",0,0,"Southampton",70.0,10.5,"No",507,"No Outlier","false"
"Second","Male",0,0,"Southampton",27.0,13.0,"No",508,"No Outlier","false"
"Second","Male",0,0,"Southampton",54.0,14.0,"No",509,"No Outlier","false"
"Second","Male",0,0,"Southampton",39.0,26.0,"No",510,"No Outlier","false"
"Second","Male",0,0,"Southampton",16.0,10.5,"No",511,"No Outlier","false"
"Second","Male",0,0,"Queenstown",62.0,9.6875,"No",512,"No Outlier","false"
"Second","Male",1,0,"Cherbourg",32.5,30.0708,"No",513,"No Outlier","false"
"Second","Female",1,0,"Cherbourg",14.0,30.0708,"Yes",514,"No Outlier","false"
"Second","Male",1,1,"Southampton",2.0,26.0,"Yes",515,"No Outlier","false"
"Second","Male",1,1,"Southampton",3.0,26.0,"Yes",516,"No Outlier","false"
"Second","Male",0,2,"Southampton",36.5,26.0,"No",517,"No Outlier","false"
"Second","Male",0,0,"Southampton",26.0,13.0,"No",518,"No Outlier","false"
"Second","Male",1,1,"Southampton",19.0,36.75,"No",519,"No Outlier","false"
"Second","Male",0,0,"Southampton",28.0,13.5,"No",520,"No Outlier","false"
"Second","Male",0,0,"Cherbourg",20.0,13.8625,"Yes",521,"No Outlier","false"
"Second","Female",0,0,"Southampton",29.0,10.5,"Yes",522,"No Outlier","false"
"Second","Male",0,0,"Southampton",39.0,13.0,"No",523,"No Outlier","false"
"Second","Male",0,0,"Southampton",22.0,10.5,"Yes",524,"No Outlier","false"
"Second","Male",0,0,"Cherbourg",28.0,13.8625,"Yes",525,"No Outlier","false"
"Second","Male",0,0,"Southampton",23.0,10.5,"No",526,"No Outlier","false"
"Second","Male",0,0,"Cherbourg",29.0,13.8583,"Yes",527,"No Outlier","false"
"Second","Male",0,0,"Southampton",28.0,10.5,"No",528,"No Outlier","false"
"Second","Male",0,0,"Southampton",37.0,0.0,"No",529,"No Outlier","false"
"Second","Female",0,1,"Southampton",50.0,26.0,"Yes",530,"No Outlier","false"
"Second","Male",0,0,"Southampton",19.0,10.5,"No",531,"No Outlier","false"
"Second","Male",0,0,"Cherbourg",30.0,15.05,"No",532,"No Outlier","false"
"Second","Male",0,0,"Southampton",41.0,13.0,"No",533,"No Outlier","false"
"Second","Female",0,1,"Southampton",21.0,21.0,"Yes",534,"No Outlier","false"
"Second","Female",0,0,"Southampton",19.0,26.0,"Yes",535,"No Outlier","false"
"Second","Male",0,1,"Southampton",43.0,21.0,"No",536,"No Outlier","false"
"Second","Female",0,0,"Southampton",32.0,13.0,"Yes",537,"No Outlier","false"
"Second","Male",0,0,"Southampton",34.0,13.0,"No",538,"No Outlier","false"
"Second","Male",0,0,"Cherbourg",30.0,12.7375,"Yes",539,"No Outlier","false"
"Second","Male",0,0,"Cherbourg",27.0,15.0333,"No",540,"No Outlier","false"
"Second","Female",1,1,"Southampton",2.0,26.0,"Yes",541,"No Outlier","false"
"Second","Female",1,1,"Southampton",8.0,26.0,"Yes",542,"No Outlier","false"
"Second","Female",0,2,"Southampton",33.0,26.0,"Yes",543,"No Outlier","false"
"Second","Male",0,0,"Southampton",36.0,10.5,"No",544,"No Outlier","false"
"Second","Male",1,0,"Southampton",34.0,21.0,"No",545,"No Outlier","false"
"Second","Female",3,0,"Southampton",30.0,21.0,"Yes",546,"No Outlier","false"
"Second","Female",0,0,"Southampton",28.0,13.0,"Yes",547,"No Outlier","false"
"Second","Male",0,0,"Cherbourg",23.0,15.0458,"No",548,"No Outlier","false"
"Second","Male",1,1,"Southampton",0.8333,18.75,"Yes",549,"No Outlier","false"
"Second","Male",1,1,"Southampton",3.0,18.75,"Yes",550,"No Outlier","false"
"Second","Female",2,3,"Southampton",24.0,18.75,"Yes",551,"No Outlier","false"
"Second","Female",0,0,"Southampton",50.0,10.5,"Yes",552,"No Outlier","false"
"Second","Male",0,0,"Southampton",19.0,10.5,"No",553,"No Outlier","false"
"Second","Female",0,0,"Southampton",21.0,10.5,"Yes",554,"No Outlier","false"
"Second","Male",0,0,"Southampton",26.0,13.0,"No",555,"No Outlier","false"
"Second","Male",0,0,"Southampton",25.0,13.0,"No",556,"No Outlier","false"
"Second","Male",0,0,"Southampton",27.0,26.0,"No",557,"No Outlier","false"
"Second","Female",0,1,"Southampton",25.0,26.0,"Yes",558,"No Outlier","false"
"Second","Female",0,2,"Southampton",18.0,13.0,"Yes",559,"No Outlier","false"
"Second","Female",0,0,"Southampton",20.0,36.75,"Yes",560,"No Outlier","false"
"Second","Female",0,0,"Southampton",30.0,13.0,"Yes",561,"No Outlier","false"
"Second","Male",0,0,"Southampton",59.0,13.5,"No",562,"No Outlier","false"
"Second","Female",0,0,"Queenstown",30.0,12.35,"Yes",563,"No Outlier","false"
"Second","Male",0,0,"Southampton",35.0,10.5,"No",564,"No Outlier","false"
"Second","Female",0,0,"Southampton",40.0,13.0,"Yes",565,"No Outlier","false"
"Second","Male",0,0,"Southampton",25.0,13.0,"No",566,"No Outlier","false"
"Second","Male",0,0,"Cherbourg",41.0,15.0458,"No",567,"No Outlier","false"
"Second","Male",0,0,"Southampton",25.0,10.5,"No",568,"No Outlier","false"
"Second","Male",0,0,"Southampton",18.5,13.0,"No",569,"No Outlier","false"
"Second","Male",0,0,"Southampton",14.0,65.0,"No",570,"No Outlier","false"
"Second","Female",0,0,"Southampton",50.0,10.5,"Yes",571,"No Outlier","false"
"Second","Male",0,0,"Southampton",23.0,13.0,"No",572,"No Outlier","false"
"Second","Female",0,0,"Southampton",28.0,12.65,"Yes",573,"No Outlier","false"
"Second","Female",0,0,"Southampton",27.0,10.5,"Yes",574,"No Outlier","false"
"Second","Male",1,0,"Southampton",29.0,21.0,"No",575,"No Outlier","false"
"Second","Female",1,0,"Southampton",27.0,21.0,"No",576,"No Outlier","false"
"Second","Male",0,0,"Southampton",40.0,13.0,"No",577,"No Outlier","false"
"Second","Female",0,0,"Southampton",31.0,21.0,"Yes",578,"No Outlier","false"
"Second","Male",1,0,"Southampton",30.0,21.0,"No",579,"No Outlier","false"
"Second","Male",1,0,"Southampton",23.0,10.5,"No",580,"No Outlier","false"
"Second","Female",0,0,"Southampton",31.0,21.0,"Yes",581,"No Outlier","false"
"Second","Male",0,0,"Southampton",39.0,0.0,"No",582,"No Outlier","false"
"Second","Female",0,0,"Southampton",12.0,15.75,"Yes",583,"No Outlier","false"
"Second","Female",0,0,"Southampton",40.0,15.75,"Yes",584,"No Outlier","false"
"Second","Female",0,0,"Southampton",32.5,13.0,"Yes",585,"No Outlier","false"
"Second","Male",1,0,"Southampton",27.0,26.0,"No",586,"No Outlier","false"
"Second","Female",1,0,"Southampton",29.0,26.0,"Yes",587,"No Outlier","false"
"Second","Male",1,1,"Southampton",2.0,23.0,"Yes",588,"No Outlier","false"
"Second","Female",1,1,"Southampton",4.0,23.0,"Yes",589,"No Outlier","false"
"Second","Female",0,2,"Southampton",29.0,23.0,"Yes",590,"No Outlier","false"
"Second","Female",1,2,"Southampton",0.9167,27.75,"Yes",591,"No Outlier","false"
"Second","Female",1,2,"Southampton",5.0,27.75,"Yes",592,"No Outlier","false"
"Second","Male",1,2,"Southampton",36.0,27.75,"No",593,"No Outlier","false"
"Second","Female",1,2,"Southampton",33.0,27.75,"Yes",594,"No Outlier","false"
"Second","Male",0,0,"Southampton",66.0,10.5,"No",595,"No Outlier","false"
"Second","Male",0,0,"Southampton",30.0,12.875,"No",596,"No Outlier","false"
"Second","Male",0,0,"Southampton",31.0,13.0,"Yes",597,"No Outlier","false"
"Second","Male",0,0,"Southampton",31.0,13.0,"Yes",598,"No Outlier","false"
"Second","Female",0,0,"Southampton",26.0,13.5,"Yes",599,"No Outlier","false"
"Second","Female",0,0,"Southampton",24.0,13.0,"No",600,"No Outlier","false"
"Third","Male",0,0,"Southampton",42.0,7.55,"No",601,"No Outlier","false"
"Third","Male",0,2,"Southampton",13.0,20.25,"No",602,"No Outlier","false"
"Third","Male",1,1,"Southampton",16.0,20.25,"No",603,"No Outlier","false"
"Third","Female",1,1,"Southampton",35.0,20.25,"Yes",604,"No Outlier","false"
"Third","Female",0,0,"Southampton",16.0,7.65,"Yes",605,"No Outlier","false"
"Third","Male",0,0,"Southampton",25.0,7.65,"Yes",606,"No Outlier","false"
"Third","Male",0,0,"Southampton",20.0,7.925,"Yes",607,"No Outlier","false"
"Third","Female",0,0,"Cherbourg",18.0,7.2292,"Yes",608,"No Outlier","false"
"Third","Male",0,0,"Southampton",30.0,7.25,"No",609,"No Outlier","false"
"Third","Male",0,0,"Southampton",26.0,8.05,"No",610,"No Outlier","false"
"Third","Female",1,0,"Southampton",40.0,9.475,"No",611,"No Outlier","false"
"Third","Male",0,1,"Southampton",0.8333,9.35,"Yes",612,"No Outlier","false"
"Third","Female",0,1,"Southampton",18.0,9.35,"Yes",613,"No Outlier","false"
"Third","Male",0,0,"Cherbourg",26.0,18.7875,"Yes",614,"No Outlier","false"
"Third","Male",0,0,"Southampton",26.0,7.8875,"No",615,"Outlier","false"
"Third","Male",0,0,"Southampton",20.0,7.925,"No",616,"No Outlier","false"
"Third","Male",0,0,"Southampton",24.0,7.05,"No",617,"Outlier","false"
"Third","Male",0,0,"Southampton",25.0,7.05,"No",618,"Outlier","false"
"Third","Male",0,0,"Southampton",35.0,8.05,"No",619,"No Outlier","false"
"Third","Male",0,0,"Southampton",18.0,8.3,"No",620,"No Outlier","false"
"Third","Male",0,0,"Southampton",32.0,22.525,"No",621,"No Outlier","false"
"Third","Female",1,0,"Southampton",19.0,7.8542,"Yes",622,"No Outlier","false"
"Third","Male",4,2,"Southampton",4.0,31.275,"No",623,"No Outlier","false"
"Third","Female",4,2,"Southampton",6.0,31.275,"No",624,"No Outlier","false"
"Third","Female",4,2,"Southampton",2.0,31.275,"No",625,"No Outlier","false"
"Third","Female",4,2,"Southampton",17.0,7.925,"Yes",626,"No Outlier","false"
"Third","Female",4,2,"Southampton",38.0,7.775,"No",627,"No Outlier","false"
"Third","Female",4,2,"Southampton",9.0,31.275,"No",628,"No Outlier","false"
"Third","Female",4,2,"Southampton",11.0,31.275,"No",629,"No Outlier","false"
"Third","Male",1,5,"Southampton",39.0,31.275,"No",630,"No Outlier","false"
"Third","Male",0,0,"Southampton",27.0,7.7958,"Yes",631,"No Outlier","false"
"Third","Male",0,0,"Southampton",26.0,7.775,"No",632,"No Outlier","false"
"Third","Female",1,5,"Southampton",39.0,31.275,"No",633,"No Outlier","false"
"Third","Male",0,0,"Southampton",20.0,7.8542,"No",634,"No Outlier","false"
"Third","Male",0,0,"Southampton",26.0,7.8958,"No",635,"Outlier","false"
"Third","Male",1,0,"Southampton",25.0,17.8,"No",636,"No Outlier","false"
"Third","Female",1,0,"Southampton",18.0,17.8,"No",637,"No Outlier","false"
"Third","Male",0,0,"Southampton",24.0,7.775,"No",638,"No Outlier","false"
"Third","Male",0,0,"Southampton",35.0,7.05,"No",639,"No Outlier","false"
"Third","Male",4,2,"Southampton",5.0,31.3875,"No",640,"No Outlier","false"
"Third","Male",4,2,"Southampton",9.0,31.3875,"No",641,"No Outlier","false"
"Third","Male",4,2,"Southampton",3.0,31.3875,"Yes",642,"No Outlier","false"
"Third","Male",4,2,"Southampton",13.0,31.3875,"No",643,"No Outlier","false"
"Third","Female",4,2,"Southampton",5.0,31.3875,"Yes",644,"No Outlier","false"
"Third","Male",1,5,"Southampton",40.0,31.3875,"No",645,"No Outlier","false"
"Third","Male",0,0,"Southampton",23.0,7.7958,"Yes",646,"No Outlier","false"
"Third","Female",1,5,"Southampton",38.0,31.3875,"Yes",647,"No Outlier","false"
"Third","Female",0,0,"Cherbourg",45.0,7.225,"Yes",648,"No Outlier","false"
"Third","Male",0,0,"Cherbourg",21.0,7.225,"No",649,"No Outlier","false"
"Third","Male",0,0,"Southampton",23.0,7.05,"No",650,"No Outlier","false"
"Third","Female",0,0,"Cherbourg",17.0,14.4583,"No",651,"No Outlier","false"
"Third","Male",0,0,"Cherbourg",30.0,7.225,"No",652,"No Outlier","false"
"Third","Male",0,0,"Southampton",23.0,7.8542,"No",653,"No Outlier","false"
"Third","Female",0,0,"Cherbourg",13.0,7.2292,"Yes",654,"No Outlier","false"
"Third","Male",0,0,"Cherbourg",20.0,7.225,"No",655,"No Outlier","false"
"Third","Male",1,0,"Southampton",32.0,15.85,"No",656,"No Outlier","false"
"Third","Female",3,0,"Southampton",33.0,15.85,"Yes",657,"No Outlier","false"
"Third","Female",2,1,"Cherbourg",0.75,19.2583,"Yes",658,"No Outlier","false"
"Third","Female",2,1,"Cherbourg",0.75,19.2583,"Yes",659,"No Outlier","false"
"Third","Female",2,1,"Cherbourg",5.0,19.2583,"Yes",660,"No Outlier","false"
"Third","Female",0,3,"Cherbourg",24.0,19.2583,"Yes",661,"No Outlier","false"
"Third","Female",0,0,"Southampton",18.0,8.05,"Yes",662,"No Outlier","false"
"Third","Male",0,0,"Cherbourg",40.0,7.225,"No",663,"No Outlier","false"
"Third","Male",0,0,"Southampton",26.0,7.8958,"No",664,"Outlier","false"
"Third","Male",0,0,"Cherbourg",20.0,7.2292,"Yes",665,"No Outlier","false"
"Third","Female",0,1,"Cherbourg",18.0,14.4542,"No",666,"No Outlier","false"
"Third","Female",0,1,"Cherbourg",45.0,14.4542,"No",667,"No Outlier","false"
"Third","Female",0,0,"Queenstown",27.0,7.8792,"No",668,"No Outlier","false"
"Third","Male",0,0,"Southampton",22.0,8.05,"No",669,"No Outlier","false"
"Third","Male",0,0,"Southampton",19.0,8.05,"No",670,"No Outlier","false"
"Third","Male",0,0,"Southampton",26.0,7.775,"No",671,"No Outlier","false"
"Third","Male",0,0,"Southampton",22.0,9.35,"No",672,"No Outlier","false"
"Third","Male",0,0,"Cherbourg",20.0,7.2292,"No",673,"No Outlier","false"
"Third","Male",0,0,"Cherbourg",20.0,4.0125,"No",674,"No Outlier","false"
"Third","Male",0,0,"Southampton",32.0,56.4958,"Yes",675,"No Outlier","false"
"Third","Male",0,0,"Southampton",21.0,7.775,"No",676,"No Outlier","false"
"Third","Male",0,0,"Southampton",18.0,7.75,"No",677,"No Outlier","false"
"Third","Male",0,0,"Southampton",26.0,7.8958,"No",678,"Outlier","false"
"Third","Male",1,1,"Cherbourg",6.0,15.2458,"No",679,"No Outlier","false"
"Third","Female",1,1,"Cherbourg",9.0,15.2458,"No",680,"No Outlier","false"
"Third","Male",0,0,"Cherbourg",20.0,7.225,"No",681,"No Outlier","false"
"Third","Female",0,2,"Cherbourg",30.0,15.2458,"No",682,"No Outlier","false"
"Third","Female",0,2,"Queenstown",18.0,7.75,"No",683,"No Outlier","false"
"Third","Male",1,1,"Queenstown",40.0,15.5,"No",684,"No Outlier","false"
"Third","Female",1,1,"Queenstown",32.0,15.5,"No",685,"No Outlier","false"
"Third","Male",0,0,"Southampton",21.0,16.1,"No",686,"No Outlier","false"
"Third","Female",0,0,"Queenstown",22.0,7.725,"Yes",687,"No Outlier","false"
"Third","Female",0,0,"Southampton",20.0,7.8542,"No",688,"No Outlier","false"
"Third","Male",1,0,"Southampton",29.0,7.0458,"No",689,"No Outlier","false"
"Third","Male",1,0,"Southampton",22.0,7.25,"No",690,"No Outlier","false"
"Third","Male",0,0,"Southampton",22.0,7.7958,"No",691,"No Outlier","false"
"Third","Male",0,0,"Southampton",35.0,8.05,"No",692,"No Outlier","false"
"Third","Female",0,0,"Queenstown",18.5,7.2833,"No",693,"No Outlier","false"
"Third","Male",0,0,"Queenstown",21.0,7.8208,"Yes",694,"No Outlier","false"
"Third","Male",0,0,"Queenstown",19.0,6.75,"No",695,"No Outlier","false"
"Third","Female",0,0,"Queenstown",18.0,7.8792,"No",696,"No Outlier","false"
"Third","Female",0,0,"Southampton",21.0,8.6625,"No",697,"No Outlier","false"
"Third","Female",0,0,"Southampton",30.0,8.6625,"No",698,"No Outlier","false"
"Third","Male",0,0,"Southampton",18.0,8.6625,"No",699,"No Outlier","false"
"Third","Male",0,0,"Southampton",38.0,8.6625,"No",700,"No Outlier","false"
"Third","Male",0,0,"Southampton",17.0,8.6625,"No",701,"No Outlier","false"
"Third","Male",0,0,"Southampton",17.0,8.6625,"No",702,"No Outlier","false"
"Third","Female",0,0,"Queenstown",21.0,7.75,"No",703,"No Outlier","false"
"Third","Male",0,0,"Queenstown",21.0,7.75,"No",704,"No Outlier","false"
"Third","Male",0,0,"Southampton",21.0,8.05,"No",705,"No Outlier","false"
"Third","Male",1,0,"Cherbourg",27.0,14.4583,"No",706,"No Outlier","false"
"Third","Female",1,0,"Cherbourg",23.0,14.4583,"No",707,"No Outlier","false"
"Third","Male",0,0,"Southampton",28.0,7.7958,"No",708,"No Outlier","false"
"Third","Male",0,0,"Southampton",24.0,7.8542,"No",709,"No Outlier","false"
"Third","Female",0,0,"Queenstown",16.0,7.75,"Yes",710,"No Outlier","false"
"Third","Female",0,0,"Queenstown",37.0,7.75,"No",711,"No Outlier","false"
"Third","Male",0,0,"Southampton",28.0,7.25,"No",712,"No Outlier","false"
"Third","Male",0,0,"Southampton",24.0,8.05,"No",713,"No Outlier","false"
"Third","Male",0,0,"Queenstown",21.0,7.7333,"No",714,"No Outlier","false"
"Third","Male",0,0,"Southampton",32.0,56.4958,"Yes",715,"No Outlier","false"
"Third","Male",0,0,"Southampton",29.0,8.05,"No",716,"No Outlier","false"
"Third","Male",1,0,"Cherbourg",26.0,14.4542,"No",717,"No Outlier","false"
"Third","Male",1,0,"Cherbourg",18.0,14.4542,"No",718,"No Outlier","false"
"Third","Male",0,0,"Southampton",20.0,7.05,"No",719,"No Outlier","false"
"Third","Male",0,0,"Southampton",18.0,8.05,"Yes",720,"No Outlier","false"
"Third","Male",0,0,"Queenstown",24.0,7.25,"No",721,"Outlier","false"
"Third","Male",0,0,"Southampton",36.0,7.4958,"No",722,"No Outlier","false"
"Third","Male",0,0,"Southampton",24.0,7.4958,"No",723,"Outlier","false"
"Third","Male",0,0,"Queenstown",31.0,7.7333,"No",724,"No Outlier","false"
"Third","Male",0,0,"Queenstown",31.0,7.75,"No",725,"No Outlier","false"
"Third","Female",0,0,"Queenstown",22.0,7.75,"Yes",726,"No Outlier","false"
"Third","Female",0,0,"Queenstown",30.0,7.6292,"No",727,"No Outlier","false"
"Third","Male",0,0,"Queenstown",70.5,7.75,"No",728,"No Outlier","false"
"Third","Male",0,0,"Southampton",43.0,8.05,"No",729,"No Outlier","false"
"Third","Male",0,0,"Southampton",35.0,7.8958,"No",730,"No Outlier","false"
"Third","Male",0,0,"Southampton",27.0,7.8958,"No",731,"No Outlier","false"
"Third","Male",0,0,"Southampton",19.0,7.8958,"No",732,"No Outlier","false"
"Third","Male",0,0,"Southampton",30.0,8.05,"No",733,"No Outlier","false"
"Third","Male",1,1,"Southampton",9.0,15.9,"Yes",734,"No Outlier","false"
"Third","Male",1,1,"Southampton",3.0,15.9,"Yes",735,"No Outlier","false"
"Third","Female",0,2,"Southampton",36.0,15.9,"Yes",736,"No Outlier","false"
"Third","Male",0,0,"Southampton",59.0,7.25,"No",737,"No Outlier","false"
"Third","Male",0,0,"Southampton",19.0,8.1583,"No",738,"No Outlier","false"
"Third","Female",0,1,"Southampton",17.0,16.1,"Yes",739,"No Outlier","false"
"Third","Male",0,1,"Southampton",44.0,16.1,"No",740,"No Outlier","false"
"Third","Male",0,0,"Southampton",17.0,8.6625,"No",741,"No Outlier","false"
"Third","Male",0,0,"Cherbourg",22.5,7.225,"No",742,"No Outlier","false"
"Third","Male",0,0,"Southampton",45.0,8.05,"Yes",743,"No Outlier","false"
"Third","Female",0,0,"Southampton",22.0,10.5167,"No",744,"No Outlier","false"
"Third","Male",0,0,"Southampton",19.0,10.1708,"No",745,"No Outlier","false"
"Third","Female",0,0,"Queenstown",30.0,6.95,"Yes",746,"No Outlier","false"
"Third","Male",0,0,"Queenstown",29.0,7.75,"Yes",747,"No Outlier","false"
"Third","Male",0,2,"Southampton",0.3333,14.4,"No",748,"No Outlier","false"
"Third","Male",1,1,"Southampton",34.0,14.4,"No",749,"No Outlier","false"
"Third","Female",1,1,"Southampton",28.0,14.4,"No",750,"No Outlier","false"
"Third","Male",0,0,"Southampton",27.0,7.8958,"No",751,"No Outlier","false"
"Third","Male",0,0,"Southampton",25.0,7.8958,"No",752,"No Outlier","false"
"Third","Male",2,0,"Southampton",24.0,24.15,"No",753,"No Outlier","false"
"Third","Male",0,0,"Southampton",22.0,8.05,"No",754,"No Outlier","false"
"Third","Male",2,0,"Southampton",21.0,24.15,"No",755,"No Outlier","false"
"Third","Male",2,0,"Southampton",17.0,8.05,"No",756,"No Outlier","false"
"Third","Male",1,0,"Southampton",32.0,16.1,"No",757,"No Outlier","false"
"Third","Female",1,0,"Southampton",26.0,16.1,"Yes",758,"No Outlier","false"
"Third","Male",1,0,"Southampton",36.5,17.4,"Yes",759,"No Outlier","false"
"Third","Female",1,0,"Southampton",36.0,17.4,"Yes",760,"No Outlier","false"
"Third","Male",0,0,"Southampton",30.0,9.5,"Yes",761,"No Outlier","false"
"Third","Male",0,0,"Southampton",16.0,9.5,"No",762,"No Outlier","false"
"Third","Male",1,2,"Southampton",1.0,20.575,"Yes",763,"No Outlier","false"
"Third","Female",1,2,"Southampton",0.1667,20.575,"Yes",764,"No Outlier","false"
"Third","Male",1,2,"Southampton",26.0,20.575,"No",765,"No Outlier","false"
"Third","Female",1,2,"Southampton",33.0,20.575,"Yes",766,"No Outlier","false"
"Third","Male",0,0,"Southampton",25.0,7.8958,"No",767,"No Outlier","false"
"Third","Male",0,0,"Southampton",25.0,7.8958,"No",768,"No Outlier","false"
"Third","Male",0,0,"Southampton",26.0,7.8958,"No",769,"Outlier","false"
"Third","Male",0,0,"Southampton",22.0,7.25,"No",770,"No Outlier","false"
"Third","Male",0,0,"Southampton",36.0,7.25,"No",771,"No Outlier","false"
"Third","Female",0,0,"Queenstown",19.0,7.8792,"Yes",772,"No Outlier","false"
"Third","Male",0,0,"Southampton",17.0,7.8958,"No",773,"No Outlier","false"
"Third","Male",0,0,"Southampton",42.0,8.6625,"No",774,"No Outlier","false"
"Third","Male",0,0,"Southampton",43.0,7.8958,"No",775,"No Outlier","false"
"Third","Male",0,0,"Cherbourg",17.0,7.2292,"No",776,"No Outlier","false"
"Third","Male",0,0,"Queenstown",32.0,7.75,"No",777,"No Outlier","false"
"Third","Male",0,0,"Southampton",19.0,8.05,"Yes",778,"No Outlier","false"
"Third","Female",0,0,"Southampton",30.0,12.475,"Yes",779,"No Outlier","false"
"Third","Female",0,0,"Queenstown",24.0,7.75,"No",780,"Outlier","false"
"Third","Female",0,0,"Southampton",23.0,8.05,"Yes",781,"No Outlier","false"
"Third","Male",0,0,"Cherbourg",33.0,7.8958,"No",782,"No Outlier","false"
"Third","Male",0,0,"Queenstown",65.0,7.75,"No",783,"No Outlier","false"
"Third","Male",0,0,"Southampton",24.0,7.55,"Yes",784,"No Outlier","false"
"Third","Male",1,0,"Southampton",23.0,13.9,"No",785,"No Outlier","false"
"Third","Female",1,0,"Southampton",22.0,13.9,"Yes",786,"No Outlier","false"
"Third","Male",0,0,"Southampton",18.0,7.775,"No",787,"No Outlier","false"
"Third","Male",0,0,"Southampton",16.0,7.775,"No",788,"No Outlier","false"
"Third","Male",0,0,"Southampton",45.0,6.975,"No",789,"No Outlier","false"
"Third","Male",0,0,"Cherbourg",26.0,7.225,"No",790,"No Outlier","false"
"Third","Male",0,2,"Cherbourg",39.0,7.2292,"No",791,"No Outlier","false"
"Third","Male",1,1,"Cherbourg",17.0,7.2292,"No",792,"No Outlier","false"
"Third","Male",1,1,"Cherbourg",15.0,7.2292,"No",793,"No Outlier","false"
"Third","Male",0,0,"Southampton",47.0,7.25,"No",794,"No Outlier","false"
"Third","Female",0,0,"Southampton",5.0,12.475,"Yes",795,"No Outlier","false"
"Third","Male",0,0,"Cherbourg",35.0,7.225,"No",796,"No Outlier","false"
"Third","Male",0,0,"Southampton",40.5,15.1,"No",797,"No Outlier","false"
"Third","Male",0,0,"Queenstown",40.5,7.75,"No",798,"No Outlier","false"
"Third","Male",0,0,"Southampton",23.0,7.05,"Yes",799,"No Outlier","false"
"Third","Male",0,0,"Southampton",18.0,7.7958,"No",800,"No Outlier","false"
"Third","Female",0,0,"Queenstown",23.0,7.75,"No",801,"No Outlier","false"
"Third","Male",0,0,"Queenstown",22.0,7.75,"No",802,"No Outlier","false"
"Third","Male",0,0,"Queenstown",34.0,6.95,"No",803,"No Outlier","false"
"Third","Male",0,0,"Queenstown",26.0,7.8792,"No",804,"No Outlier","false"
"Third","Male",0,0,"Queenstown",37.0,7.75,"No",805,"No Outlier","false"
"Third","Male",0,0,"Southampton",32.0,56.4958,"Yes",806,"No Outlier","false"
"Third","Female",2,2,"Southampton",21.0,34.375,"No",807,"No Outlier","false"
"Third","Female",2,2,"Southampton",9.0,34.375,"No",808,"No Outlier","false"
"Third","Male",0,0,"Southampton",18.0,8.05,"No",809,"No Outlier","false"
"Third","Male",2,2,"Southampton",18.0,34.375,"No",810,"No Outlier","false"
"Third","Male",1,3,"Southampton",16.0,34.375,"No",811,"No Outlier","false"
"Third","Female",1,3,"Southampton",48.0,34.375,"No",812,"No Outlier","false"
"Third","Male",0,0,"Queenstown",38.0,7.75,"No",813,"No Outlier","false"
"Third","Male",0,0,"Southampton",22.0,7.25,"No",814,"No Outlier","false"
"Third","Male",0,0,"Queenstown",25.0,7.7417,"No",815,"No Outlier","false"
"Third","Male",0,0,"Southampton",24.0,14.5,"No",816,"No Outlier","false"
"Third","Male",0,0,"Cherbourg",30.0,7.8958,"No",817,"No Outlier","false"
"Third","Male",0,0,"Southampton",22.0,8.05,"No",818,"No Outlier","false"
"Third","Female",0,0,"Queenstown",16.0,7.7333,"Yes",819,"No Outlier","false"
"Third","Female",0,0,"Queenstown",25.0,7.75,"Yes",820,"Outlier","false"
"Third","Male",0,2,"Southampton",9.0,20.525,"Yes",821,"No Outlier","false"
"Third","Male",1,1,"Southampton",33.0,20.525,"No",822,"No Outlier","false"
"Third","Male",0,0,"Southampton",41.0,7.85,"No",823,"No Outlier","false"
"Third","Female",1,1,"Southampton",31.0,20.525,"Yes",824,"No Outlier","false"
"Third","Male",0,0,"Southampton",38.0,7.05,"No",825,"No Outlier","false"
"Third","Male",5,2,"Southampton",9.0,46.9,"No",826,"No Outlier","false"
"Third","Male",5,2,"Southampton",1.0,46.9,"No",827,"No Outlier","false"
"Third","Male",5,2,"Southampton",11.0,46.9,"No",828,"No Outlier","false"
"Third","Female",5,2,"Southampton",10.0,46.9,"No",829,"No Outlier","false"
"Third","Female",5,2,"Southampton",16.0,46.9,"No",830,"No Outlier","false"
"Third","Male",5,2,"Southampton",14.0,46.9,"No",831,"No Outlier","false"
"Third","Male",1,6,"Southampton",40.0,46.9,"No",832,"No Outlier","false"
"Third","Female",1,6,"Southampton",43.0,46.9,"No",833,"No Outlier","false"
"Third","Male",0,0,"Southampton",51.0,8.05,"No",834,"No Outlier","false"
"Third","Male",0,0,"Southampton",32.0,8.3625,"No",835,"No Outlier","false"
"Third","Male",0,0,"Southampton",25.0,8.05,"No",836,"No Outlier","false"
"Third","Male",0,0,"Southampton",20.0,9.8458,"No",837,"No Outlier","false"
"Third","Male",2,0,"Southampton",37.0,7.925,"No",838,"No Outlier","false"
"Third","Male",2,0,"Southampton",28.0,7.925,"No",839,"No Outlier","false"
"Third","Male",0,0,"Southampton",19.0,7.775,"No",840,"No Outlier","false"
"Third","Female",0,0,"Southampton",24.0,8.85,"No",841,"No Outlier","false"
"Third","Female",0,0,"Queenstown",17.0,7.7333,"No",842,"No Outlier","false"
"Third","Male",1,0,"Southampton",28.0,19.9667,"No",843,"No Outlier","false"
"Third","Male",1,0,"Southampton",27.0,19.9667,"No",844,"No Outlier","false"
"Third","Male",1,0,"Southampton",28.0,15.85,"No",845,"No Outlier","false"
"Third","Female",1,0,"Southampton",24.0,15.85,"Yes",846,"No Outlier","false"
"Third","Male",0,0,"Southampton",20.0,9.5,"No",847,"No Outlier","false"
"Third","Male",0,0,"Cherbourg",23.5,7.2292,"No",848,"No Outlier","false"
"Third","Male",2,0,"Southampton",41.0,14.1083,"No",849,"No Outlier","false"
"Third","Male",1,0,"Southampton",26.0,7.8542,"No",850,"Outlier","false"
"Third","Male",0,0,"Southampton",21.0,7.8542,"No",851,"No Outlier","false"
"Third","Female",1,0,"Southampton",45.0,14.1083,"Yes",852,"No Outlier","false"
"Third","Female",0,0,"Southampton",29.0,7.55,"No",853,"No Outlier","false"
"Third","Male",0,0,"Southampton",25.0,7.25,"No",854,"Outlier","false"
"Third","Male",0,0,"Queenstown",27.0,6.8583,"No",855,"No Outlier","false"
"Third","Male",0,0,"Cherbourg",11.0,18.7875,"No",856,"No Outlier","false"
"Third","Female",0,0,"Queenstown",26.0,7.75,"Yes",857,"Outlier","false"
"Third","Male",0,0,"Southampton",27.0,6.975,"Yes",858,"No Outlier","false"
"Third","Male",0,0,"Southampton",30.0,56.4958,"Yes",859,"No Outlier","false"
"Third","Female",0,0,"Queenstown",18.0,6.75,"No",860,"No Outlier","false"
"Third","Female",0,0,"Southampton",26.0,7.925,"Yes",861,"Outlier","false"
"Third","Female",0,0,"Southampton",23.0,7.925,"No",862,"No Outlier","false"
"Third","Female",0,0,"Southampton",22.0,8.9625,"Yes",863,"No Outlier","false"
"Third","Male",0,0,"Southampton",28.0,7.8958,"No",864,"No Outlier","false"
"Third","Female",0,0,"Southampton",28.0,7.775,"No",865,"No Outlier","false"
"Third","Female",0,0,"Queenstown",27.0,7.75,"No",866,"No Outlier","false"
"Third","Female",0,1,"Southampton",2.0,12.2875,"Yes",867,"No Outlier","false"
"Third","Female",1,1,"Southampton",22.0,12.2875,"Yes",868,"No Outlier","false"
"Third","Male",0,0,"Southampton",43.0,6.45,"No",869,"No Outlier","false"
"Third","Male",0,0,"Southampton",28.0,22.525,"No",870,"No Outlier","false"
"Third","Female",0,0,"Southampton",27.0,7.925,"Yes",871,"No Outlier","false"
"Third","Male",0,0,"Queenstown",25.0,7.75,"No",872,"No Outlier","false"
"Third","Female",0,0,"Southampton",24.0,8.05,"Yes",873,"Outlier","false"
"Third","Male",0,0,"Southampton",42.0,7.65,"No",874,"No Outlier","false"
"Third","Male",0,0,"Southampton",32.0,7.8875,"Yes",875,"No Outlier","false"
"Third","Male",0,0,"Cherbourg",30.0,7.2292,"No",876,"No Outlier","false"
"Third","Male",0,0,"Southampton",27.0,7.8958,"No",877,"No Outlier","false"
"Third","Female",1,0,"Southampton",27.0,7.925,"No",878,"No Outlier","false"
"Third","Female",1,0,"Southampton",25.0,7.925,"No",879,"Outlier","false"
"Third","Male",0,0,"Southampton",24.0,7.8958,"No",880,"No Outlier","false"
"Third","Male",0,0,"Cherbourg",29.0,7.8958,"Yes",881,"No Outlier","false"
"Third","Male",0,0,"Southampton",21.0,7.7958,"Yes",882,"No Outlier","false"
"Third","Male",0,0,"Southampton",28.0,7.05,"No",883,"No Outlier","false"
"Third","Male",0,0,"Southampton",20.0,7.8542,"No",884,"No Outlier","false"
"Third","Male",0,0,"Southampton",48.0,7.8542,"No",885,"No Outlier","false"
"Third","Male",1,0,"Southampton",17.0,7.0542,"No",886,"No Outlier","false"
"Third","Female",0,0,"Queenstown",26.0,7.75,"Yes",887,"Outlier","false"
"Third","Male",0,0,"Southampton",28.0,8.1125,"Yes",888,"No Outlier","false"
"Third","Male",0,0,"Southampton",34.0,6.4958,"No",889,"No Outlier","false"
"Third","Male",0,0,"Southampton",26.0,7.775,"Yes",890,"No Outlier","false"
"Third","Male",0,0,"Southampton",22.0,7.7958,"No",891,"No Outlier","false"
"Third","Male",0,0,"Southampton",33.0,8.6542,"No",892,"No Outlier","false"
"Third","Male",0,0,"Southampton",31.0,7.775,"No",893,"No Outlier","false"
"Third","Male",0,0,"Southampton",29.0,7.8542,"No",894,"No Outlier","false"
"Third","Male",1,1,"Southampton",4.0,11.1333,"Yes",895,"No Outlier","false"
"Third","Female",1,1,"Southampton",1.0,11.1333,"Yes",896,"No Outlier","false"
"Third","Male",0,0,"Southampton",49.0,0.0,"No",897,"No Outlier","false"
"Third","Male",0,0,"Southampton",33.0,7.775,"No",898,"No Outlier","false"
"Third","Male",0,0,"Southampton",19.0,0.0,"No",899,"Outlier","false"
"Third","Female",0,2,"Southampton",27.0,11.1333,"Yes",900,"No Outlier","false"
"Third","Male",1,2,"Southampton",18.0,23.45,"No",901,"No Outlier","false"
"Third","Female",1,2,"Southampton",17.0,23.45,"No",902,"No Outlier","false"
"Third","Male",1,2,"Southampton",28.0,23.45,"No",903,"No Outlier","false"
"Third","Female",1,2,"Southampton",35.0,23.45,"No",904,"No Outlier","false"
"Third","Male",0,0,"Southampton",23.0,7.8958,"No",905,"No Outlier","false"
"Third","Male",0,0,"Southampton",32.0,7.8542,"Yes",906,"No Outlier","false"
"Third","Male",0,0,"Southampton",27.0,7.8542,"No",907,"No Outlier","false"
"Third","Female",1,0,"Southampton",20.0,9.825,"No",908,"No Outlier","false"
"Third","Female",1,0,"Southampton",21.0,9.825,"No",909,"No Outlier","false"
"Third","Male",0,0,"Southampton",32.0,7.925,"Yes",910,"No Outlier","false"
"Third","Male",0,0,"Southampton",17.0,7.125,"No",911,"No Outlier","false"
"Third","Male",0,0,"Southampton",21.0,8.4333,"No",912,"No Outlier","false"
"Third","Male",0,0,"Southampton",30.0,7.8958,"No",913,"No Outlier","false"
"Third","Male",0,0,"Southampton",21.0,7.7958,"Yes",914,"No Outlier","false"
"Third","Male",0,0,"Southampton",33.0,7.8542,"No",915,"No Outlier","false"
"Third","Male",0,0,"Southampton",22.0,7.5208,"No",916,"No Outlier","false"
"Third","Female",0,1,"Cherbourg",4.0,13.4167,"Yes",917,"No Outlier","false"
"Third","Male",0,1,"Cherbourg",39.0,13.4167,"Yes",918,"No Outlier","false"
"Third","Male",0,0,"Cherbourg",21.0,7.2292,"No",919,"No Outlier","false"
"Third","Male",0,0,"Cherbourg",18.5,7.2292,"No",920,"No Outlier","false"
"Third","Male",0,0,"Queenstown",24.0,7.75,"No",921,"No Outlier","false"
"Third","Male",0,0,"Southampton",27.0,7.25,"No",922,"No Outlier","false"
"Third","Female",0,0,"Queenstown",26.0,7.75,"Yes",923,"Outlier","false"
"Third","Female",0,0,"Queenstown",24.0,7.75,"Yes",924,"Outlier","false"
"Third","Male",0,0,"Queenstown",34.5,7.8292,"No",925,"No Outlier","false"
"Third","Male",0,0,"Southampton",44.0,8.05,"No",926,"No Outlier","false"
"Third","Male",0,0,"Queenstown",25.0,7.75,"Yes",927,"No Outlier","false"
"Third","Male",1,0,"Cherbourg",26.0,14.4542,"No",928,"No Outlier","false"
"Third","Female",1,0,"Cherbourg",22.0,14.4542,"No",929,"No Outlier","false"
"Third","Male",1,0,"Queenstown",25.0,7.75,"No",930,"Outlier","false"
"Third","Male",1,0,"Queenstown",25.0,7.75,"No",931,"Outlier","false"
"Third","Male",0,0,"Queenstown",26.0,7.7375,"No",932,"Outlier","false"
"Third","Female",2,0,"Southampton",22.0,8.6625,"No",933,"No Outlier","false"
"Third","Male",2,0,"Southampton",26.0,8.6625,"No",934,"Outlier","false"
"Third","Female",0,2,"Southampton",4.0,22.025,"Yes",935,"No Outlier","false"
"Third","Male",3,1,"Southampton",29.0,22.025,"Yes",936,"No Outlier","false"
"Third","Female",1,1,"Southampton",26.0,22.025,"Yes",937,"No Outlier","false"
"Third","Female",1,1,"Southampton",1.0,12.1833,"No",938,"No Outlier","false"
"Third","Male",1,1,"Southampton",18.0,7.8542,"No",939,"No Outlier","false"
"Third","Female",0,2,"Southampton",36.0,12.1833,"No",940,"No Outlier","false"
"Third","Male",0,0,"Cherbourg",25.0,7.8958,"No",941,"Outlier","false"
"Third","Male",0,0,"Cherbourg",25.0,7.2292,"Yes",942,"No Outlier","false"
"Third","Male",0,0,"Cherbourg",26.0,7.225,"No",943,"No Outlier","false"
"Third","Female",0,0,"Southampton",37.0,9.5875,"No",944,"No Outlier","false"
"Third","Male",0,0,"Southampton",28.0,7.8958,"No",945,"No Outlier","false"
"Third","Male",0,0,"Southampton",33.0,56.4958,"Yes",946,"No Outlier","false"
"Third","Male",0,0,"Southampton",32.0,56.4958,"No",947,"No Outlier","false"
"Third","Female",0,0,"Southampton",22.0,7.25,"Yes",948,"No Outlier","false"
"Third","Male",0,0,"Queenstown",26.0,7.75,"No",949,"Outlier","false"
"Third","Male",0,0,"Southampton",26.0,56.4958,"Yes",950,"No Outlier","false"
"Third","Male",0,0,"Southampton",29.0,9.4833,"No",951,"No Outlier","false"
"Third","Male",0,0,"Southampton",29.0,7.775,"No",952,"No Outlier","false"
"Third","Male",0,0,"Southampton",22.0,7.775,"No",953,"No Outlier","false"
"Third","Male",0,0,"Cherbourg",22.0,7.225,"Yes",954,"No Outlier","false"
"Third","Male",3,1,"Southampton",17.0,25.4667,"No",955,"No Outlier","false"
"Third","Female",3,1,"Southampton",16.0,25.4667,"No",956,"No Outlier","false"
"Third","Female",3,1,"Southampton",20.0,25.4667,"No",957,"No Outlier","false"
"Third","Female",3,1,"Southampton",22.0,25.4667,"No",958,"No Outlier","false"
"Third","Female",0,4,"Southampton",29.0,25.4667,"No",959,"No Outlier","false"
"Third","Male",0,0,"Southampton",32.0,7.925,"No",960,"No Outlier","false"
"Third","Male",0,0,"Cherbourg",34.5,6.4375,"No",961,"No Outlier","false"
"Third","Female",1,0,"Queenstown",26.0,15.5,"No",962,"No Outlier","false"
"Third","Male",1,0,"Queenstown",25.0,15.5,"No",963,"No Outlier","false"
"Third","Male",0,0,"Southampton",36.0,0.0,"No",964,"No Outlier","false"
"Third","Male",0,0,"Southampton",39.0,24.15,"No",965,"No Outlier","false"
"Third","Male",0,0,"Southampton",24.0,9.5,"No",966,"No Outlier","false"
"Third","Female",0,0,"Southampton",25.0,7.775,"No",967,"Outlier","false"
"Third","Female",0,0,"Southampton",45.0,7.75,"No",968,"No Outlier","false"
"Third","Male",1,0,"Southampton",36.0,15.55,"No",969,"No Outlier","false"
"Third","Female",1,0,"Southampton",30.0,15.55,"No",970,"No Outlier","false"
"Third","Male",1,0,"Southampton",20.0,7.925,"Yes",971,"No Outlier","false"
"Third","Male",0,0,"Queenstown",25.0,7.8792,"No",972,"Outlier","false"
"Third","Male",0,0,"Southampton",28.0,56.4958,"No",973,"No Outlier","false"
"Third","Male",0,0,"Southampton",28.0,7.55,"No",974,"No Outlier","false"
"Third","Male",1,0,"Southampton",30.0,16.1,"No",975,"No Outlier","false"
"Third","Female",1,0,"Southampton",26.0,16.1,"No",976,"No Outlier","false"
"Third","Male",0,0,"Southampton",25.0,7.8792,"No",977,"No Outlier","false"
"Third","Male",0,0,"Southampton",20.5,7.25,"No",978,"Outlier","false"
"Third","Male",0,0,"Southampton",27.0,8.6625,"Yes",979,"No Outlier","false"
"Third","Male",0,0,"Southampton",51.0,7.0542,"No",980,"No Outlier","false"
"Third","Female",0,0,"Southampton",23.0,7.8542,"Yes",981,"No Outlier","false"
"Third","Male",0,0,"Southampton",32.0,7.5792,"Yes",982,"No Outlier","false"
"Third","Male",0,0,"Southampton",24.0,7.8958,"No",983,"No Outlier","false"
"Third","Male",0,0,"Southampton",32.0,7.55,"No",984,"No Outlier","false"
"Third","Female",0,0,"Queenstown",25.0,7.75,"Yes",985,"Outlier","false"
"Third","Male",0,0,"Southampton",24.0,7.1417,"Yes",986,"Outlier","false"
"Third","Male",0,0,"Southampton",22.0,7.125,"No",987,"No Outlier","false"
"Third","Female",0,0,"Queenstown",24.0,7.8792,"No",988,"Outlier","false"
"Third","Male",0,0,"Queenstown",26.0,7.75,"No",989,"Outlier","false"
"Third","Male",0,0,"Southampton",26.0,8.05,"No",990,"No Outlier","false"
"Third","Male",0,0,"Southampton",29.0,7.925,"No",991,"No Outlier","false"
"Third","Male",0,0,"Cherbourg",34.0,7.2292,"Yes",992,"No Outlier","false"
"Third","Female",0,0,"Queenstown",30.5,7.75,"No",993,"No Outlier","false"
"Third","Female",0,0,"Queenstown",26.0,7.7375,"Yes",994,"No Outlier","false"
"Third","Male",0,0,"Cherbourg",26.0,7.2292,"No",995,"No Outlier","false"
"Third","Male",0,0,"Cherbourg",35.0,7.8958,"No",996,"No Outlier","false"
"Third","Male",0,0,"Southampton",33.0,7.8958,"No",997,"No Outlier","false"
"Third","Female",0,0,"Cherbourg",27.0,7.225,"Yes",998,"No Outlier","false"
"Third","Male",0,0,"Cherbourg",25.0,7.8958,"No",999,"Outlier","false"
"Third","Female",0,0,"Queenstown",25.0,7.75,"Yes",1000,"Outlier","false"
"Third","Male",0,0,"Queenstown",38.0,7.75,"Yes",1001,"No Outlier","false"
"Third","Female",2,0,"Queenstown",25.0,23.25,"Yes",1002,"No Outlier","false"
"Third","Female",2,0,"Queenstown",24.0,23.25,"Yes",1003,"No Outlier","false"
"Third","Male",2,0,"Queenstown",30.0,23.25,"Yes",1004,"No Outlier","false"
"Third","Female",0,0,"Queenstown",25.0,7.7875,"Yes",1005,"Outlier","false"
"Third","Male",0,0,"Queenstown",24.0,15.5,"No",1006,"No Outlier","false"
"Third","Female",0,0,"Queenstown",18.0,7.8792,"Yes",1007,"No Outlier","false"
"Third","Female",0,0,"Queenstown",15.0,8.0292,"Yes",1008,"No Outlier","false"
"Third","Female",0,0,"Queenstown",35.0,7.75,"No",1009,"No Outlier","false"
"Third","Male",0,0,"Queenstown",24.0,7.75,"No",1010,"No Outlier","false"
"Third","Male",1,0,"Southampton",24.0,16.1,"No",1011,"No Outlier","false"
"Third","Female",1,0,"Southampton",19.0,16.1,"No",1012,"No Outlier","false"
"Third","Female",0,0,"Queenstown",25.0,7.75,"No",1013,"Outlier","false"
"Third","Female",0,0,"Southampton",24.0,8.05,"No",1014,"Outlier","false"
"Third","Female",0,0,"Southampton",27.0,8.05,"No",1015,"No Outlier","false"
"Third","Male",0,0,"Southampton",55.5,8.05,"No",1016,"No Outlier","false"
"Third","Male",0,0,"Queenstown",25.0,7.75,"No",1017,"No Outlier","false"
"Third","Male",0,0,"Southampton",21.0,7.775,"Yes",1018,"No Outlier","false"
"Third","Male",0,0,"Southampton",23.0,8.05,"No",1019,"No Outlier","false"
"Third","Male",0,0,"Southampton",24.0,7.8958,"No",1020,"No Outlier","false"
"Third","Male",0,0,"Southampton",21.0,7.8958,"No",1021,"No Outlier","false"
"Third","Male",0,0,"Southampton",28.0,7.8958,"No",1022,"No Outlier","false"
"Third","Male",0,0,"Southampton",25.0,7.8958,"No",1023,"No Outlier","false"
"Third","Female",0,0,"Queenstown",25.0,7.8792,"Yes",1024,"No Outlier","false"
"Third","Male",0,0,"Southampton",25.0,7.65,"No",1025,"No Outlier","false"
"Third","Male",0,1,"Southampton",6.0,12.475,"Yes",1026,"No Outlier","false"
"Third","Female",0,1,"Southampton",27.0,12.475,"Yes",1027,"No Outlier","false"
"Third","Male",0,0,"Southampton",25.0,8.05,"No",1028,"No Outlier","false"
"Third","Female",1,0,"Queenstown",23.0,24.15,"Yes",1029,"No Outlier","false"
"Third","Male",1,0,"Queenstown",25.0,24.15,"No",1030,"No Outlier","false"
"Third","Male",0,0,"Queenstown",22.0,8.4583,"No",1031,"No Outlier","false"
"Third","Male",0,0,"Southampton",34.0,8.05,"No",1032,"No Outlier","false"
"Third","Male",0,0,"Queenstown",25.0,7.75,"No",1033,"No Outlier","false"
"Third","Male",0,0,"Southampton",27.0,7.775,"Yes",1034,"No Outlier","false"
"Third","Male",1,1,"Cherbourg",8.0,15.2458,"Yes",1035,"No Outlier","false"
"Third","Male",1,1,"Cherbourg",9.0,15.2458,"Yes",1036,"No Outlier","false"
"Third","Female",0,2,"Cherbourg",28.0,15.2458,"Yes",1037,"No Outlier","false"
"Third","Female",0,0,"Cherbourg",22.0,7.2292,"Yes",1038,"No Outlier","false"
"Third","Male",0,0,"Southampton",25.0,8.05,"No",1039,"No Outlier","false"
"Third","Female",0,0,"Queenstown",25.0,7.7333,"Yes",1040,"No Outlier","false"
"Third","Female",0,0,"Queenstown",24.0,7.75,"Yes",1041,"Outlier","false"
"Third","Male",0,0,"Southampton",25.0,8.05,"No",1042,"No Outlier","false"
"Third","Female",1,0,"Queenstown",24.0,15.5,"Yes",1043,"No Outlier","false"
"Third","Female",1,0,"Queenstown",27.0,15.5,"Yes",1044,"No Outlier","false"
"Third","Female",0,0,"Queenstown",25.0,15.5,"Yes",1045,"No Outlier","false"
"Third","Male",0,0,"Southampton",18.0,7.75,"No",1046,"No Outlier","false"
"Third","Male",0,0,"Southampton",22.0,7.8958,"No",1047,"No Outlier","false"
"Third","Female",0,0,"Cherbourg",15.0,7.225,"Yes",1048,"No Outlier","false"
"Third","Female",0,2,"Cherbourg",1.0,15.7417,"Yes",1049,"No Outlier","false"
"Third","Male",1,1,"Cherbourg",20.0,15.7417,"Yes",1050,"No Outlier","false"
"Third","Female",1,1,"Cherbourg",19.0,15.7417,"Yes",1051,"No Outlier","false"
"Third","Male",0,0,"Southampton",33.0,8.05,"No",1052,"No Outlier","false"
"Third","Male",0,0,"Southampton",25.0,7.8958,"No",1053,"No Outlier","false"
"Third","Male",0,0,"Cherbourg",27.0,7.2292,"No",1054,"No Outlier","false"
"Third","Female",0,0,"Queenstown",27.0,7.75,"No",1055,"No Outlier","false"
"Third","Male",0,0,"Southampton",24.0,7.8958,"No",1056,"No Outlier","false"
"Third","Male",1,0,"Cherbourg",12.0,11.2417,"Yes",1057,"No Outlier","false"
"Third","Female",1,0,"Cherbourg",14.0,11.2417,"Yes",1058,"No Outlier","false"
"Third","Female",0,0,"Southampton",29.0,7.925,"No",1059,"No Outlier","false"
"Third","Male",0,0,"Southampton",28.0,8.05,"No",1060,"No Outlier","false"
"Third","Female",0,0,"Southampton",18.0,7.775,"Yes",1061,"No Outlier","false"
"Third","Female",0,0,"Southampton",26.0,7.8542,"Yes",1062,"Outlier","false"
"Third","Male",0,0,"Southampton",21.0,7.8542,"No",1063,"No Outlier","false"
"Third","Male",0,0,"Southampton",41.0,7.125,"No",1064,"No Outlier","false"
"Third","Male",0,0,"Southampton",39.0,7.925,"Yes",1065,"No Outlier","false"
"Third","Male",0,0,"Southampton",21.0,7.8,"No",1066,"No Outlier","false"
"Third","Male",0,0,"Cherbourg",28.5,7.2292,"No",1067,"No Outlier","false"
"Third","Female",0,0,"Southampton",22.0,7.75,"Yes",1068,"No Outlier","false"
"Third","Male",0,0,"Southampton",61.0,6.2375,"No",1069,"No Outlier","false"
"Third","Male",1,0,"Queenstown",25.0,15.5,"No",1070,"No Outlier","false"
"Third","Male",0,0,"Queenstown",23.0,7.8292,"No",1071,"No Outlier","false"
"Third","Female",1,0,"Queenstown",26.0,15.5,"Yes",1072,"No Outlier","false"
"Third","Male",0,0,"Queenstown",25.0,7.7333,"No",1073,"No Outlier","false"
"Third","Male",0,0,"Queenstown",24.0,7.75,"No",1074,"No Outlier","false"
"Third","Male",0,0,"Queenstown",25.0,7.75,"No",1075,"No Outlier","false"
"Third","Male",0,0,"Southampton",23.0,9.225,"No",1076,"No Outlier","false"
"Third","Female",0,0,"Queenstown",25.0,7.75,"No",1077,"Outlier","false"
"Third","Female",0,0,"Queenstown",24.0,7.75,"Yes",1078,"Outlier","false"
"Third","Female",0,0,"Queenstown",26.0,7.8792,"Yes",1079,"No Outlier","false"
"Third","Female",0,0,"Southampton",22.0,7.775,"Yes",1080,"No Outlier","false"
"Third","Male",0,0,"Queenstown",25.0,7.75,"Yes",1081,"No Outlier","false"
"Third","Female",0,0,"Queenstown",20.0,7.8292,"Yes",1082,"No Outlier","false"
"Third","Male",0,1,"Southampton",9.0,3.1708,"Yes",1083,"No Outlier","false"
"Third","Male",0,0,"Southampton",28.0,22.525,"No",1084,"No Outlier","false"
"Third","Male",0,1,"Southampton",42.0,8.4042,"No",1085,"No Outlier","false"
"Third","Male",0,0,"Southampton",22.0,7.3125,"No",1086,"No Outlier","false"
"Third","Female",0,0,"Southampton",31.0,7.8542,"No",1087,"No Outlier","false"
"Third","Male",0,0,"Southampton",28.0,7.8542,"No",1088,"No Outlier","false"
"Third","Male",0,0,"Southampton",32.0,7.775,"Yes",1089,"No Outlier","false"
"Third","Male",0,0,"Southampton",20.0,9.225,"No",1090,"No Outlier","false"
"Third","Female",0,0,"Southampton",23.0,8.6625,"No",1091,"No Outlier","false"
"Third","Female",0,0,"Southampton",20.0,8.6625,"No",1092,"No Outlier","false"
"Third","Male",0,0,"Southampton",20.0,8.6625,"No",1093,"No Outlier","false"
"Third","Male",0,0,"Southampton",16.0,9.2167,"No",1094,"No Outlier","false"
"Third","Female",0,0,"Southampton",31.0,8.6833,"Yes",1095,"No Outlier","false"
"Third","Female",0,0,"Queenstown",26.0,7.6292,"No",1096,"No Outlier","false"
"Third","Male",3,1,"Southampton",2.0,21.075,"No",1097,"No Outlier","false"
"Third","Male",3,1,"Southampton",6.0,21.075,"No",1098,"No Outlier","false"
"Third","Female",3,1,"Southampton",3.0,21.075,"No",1099,"No Outlier","false"
"Third","Female",3,1,"Southampton",8.0,21.075,"No",1100,"No Outlier","false"
"Third","Female",0,4,"Southampton",29.0,21.075,"No",1101,"No Outlier","false"
"Third","Male",4,1,"Southampton",1.0,39.6875,"No",1102,"No Outlier","false"
"Third","Male",4,1,"Southampton",7.0,39.6875,"No",1103,"No Outlier","false"
"Third","Male",4,1,"Southampton",2.0,39.6875,"No",1104,"No Outlier","false"
"Third","Male",4,1,"Southampton",16.0,39.6875,"No",1105,"No Outlier","false"
"Third","Male",4,1,"Southampton",14.0,39.6875,"No",1106,"No Outlier","false"
"Third","Female",0,5,"Southampton",41.0,39.6875,"No",1107,"No Outlier","false"
"Third","Male",0,0,"Southampton",21.0,8.6625,"No",1108,"No Outlier","false"
"Third","Male",0,0,"Southampton",19.0,14.5,"No",1109,"No Outlier","false"
"Third","Male",0,0,"Cherbourg",25.0,8.7125,"No",1110,"Outlier","false"
"Third","Male",0,0,"Southampton",32.0,7.8958,"No",1111,"No Outlier","false"
"Third","Male",1,1,"Southampton",0.75,13.775,"No",1112,"No Outlier","false"
"Third","Female",1,1,"Southampton",3.0,13.775,"No",1113,"No Outlier","false"
"Third","Female",0,2,"Southampton",26.0,13.775,"No",1114,"No Outlier","false"
"Third","Male",0,0,"Southampton",25.0,7.0,"No",1115,"Outlier","false"
"Third","Male",0,0,"Southampton",23.0,7.775,"No",1116,"No Outlier","false"
"Third","Male",0,0,"Southampton",25.0,8.05,"No",1117,"No Outlier","false"
"Third","Male",0,0,"Southampton",21.0,7.925,"No",1118,"No Outlier","false"
"Third","Male",0,0,"Southampton",25.0,7.925,"No",1119,"No Outlier","false"
"Third","Male",0,0,"Southampton",22.0,7.25,"No",1120,"No Outlier","false"
"Third","Male",1,0,"Southampton",25.0,7.775,"Yes",1121,"Outlier","false"
"Third","Male",1,1,"Cherbourg",25.0,22.3583,"Yes",1122,"No Outlier","false"
"Third","Female",1,1,"Cherbourg",23.0,22.3583,"Yes",1123,"No Outlier","false"
"Third","Female",0,2,"Cherbourg",26.0,22.3583,"Yes",1124,"No Outlier","false"
"Third","Female",0,0,"Queenstown",26.0,8.1375,"No",1125,"No Outlier","false"
"Third","Male",0,0,"Southampton",24.0,8.05,"No",1126,"No Outlier","false"
"Third","Female",0,0,"Southampton",28.0,7.8958,"No",1127,"No Outlier","false"
"Third","Male",0,0,"Southampton",19.0,7.8958,"No",1128,"No Outlier","false"
"Third","Male",0,0,"Southampton",25.0,7.8958,"No",1129,"No Outlier","false"
"Third","Male",1,0,"Southampton",25.0,7.775,"No",1130,"Outlier","false"
"Third","Female",0,0,"Southampton",18.0,7.775,"No",1131,"No Outlier","false"
"Third","Male",0,0,"Southampton",32.0,8.05,"Yes",1132,"No Outlier","false"
"Third","Male",0,0,"Southampton",24.0,7.8958,"No",1133,"No Outlier","false"
"Third","Male",0,0,"Southampton",17.0,8.6625,"No",1134,"No Outlier","false"
"Third","Male",0,0,"Southampton",24.0,8.6625,"No",1135,"Outlier","false"
"Third","Male",0,0,"Southampton",31.0,7.8958,"No",1136,"No Outlier","false"
"Third","Female",0,0,"Southampton",24.0,8.1125,"No",1137,"Outlier","false"
"Third","Male",0,0,"Cherbourg",28.0,7.2292,"No",1138,"No Outlier","false"
"Third","Male",0,0,"Southampton",30.0,7.25,"No",1139,"No Outlier","false"
"Third","Male",0,0,"Southampton",38.0,7.8958,"No",1140,"No Outlier","false"
"Third","Male",0,0,"Southampton",21.0,8.05,"No",1141,"No Outlier","false"
"Third","Male",4,1,"Queenstown",10.0,29.125,"No",1142,"No Outlier","false"
"Third","Male",4,1,"Queenstown",4.0,29.125,"No",1143,"No Outlier","false"
"Third","Male",4,1,"Queenstown",7.0,29.125,"No",1144,"No Outlier","false"
"Third","Male",4,1,"Queenstown",2.0,29.125,"No",1145,"No Outlier","false"
"Third","Male",4,1,"Queenstown",8.0,29.125,"No",1146,"No Outlier","false"
"Third","Female",0,5,"Queenstown",39.0,29.125,"No",1147,"No Outlier","false"
"Third","Female",0,0,"Southampton",22.0,39.6875,"No",1148,"No Outlier","false"
"Third","Male",0,0,"Southampton",35.0,7.125,"No",1149,"No Outlier","false"
"Third","Female",0,0,"Queenstown",22.0,7.7208,"Yes",1150,"No Outlier","false"
"Third","Male",0,0,"Southampton",40.0,14.5,"No",1151,"No Outlier","false"
"Third","Female",0,0,"Southampton",36.0,14.5,"No",1152,"No Outlier","false"
"Third","Male",1,0,"Southampton",50.0,14.5,"No",1153,"No Outlier","false"
"Third","Female",1,0,"Southampton",47.0,14.5,"No",1154,"No Outlier","false"
"Third","Male",0,0,"Southampton",23.0,8.05,"No",1155,"No Outlier","false"
"Third","Male",0,0,"Southampton",25.0,7.775,"No",1156,"No Outlier","false"
"Third","Female",1,1,"Southampton",2.0,20.2125,"No",1157,"No Outlier","false"
"Third","Male",1,1,"Southampton",18.0,20.2125,"No",1158,"No Outlier","false"
"Third","Female",0,2,"Southampton",41.0,20.2125,"No",1159,"No Outlier","false"
"Third","Female",0,0,"Southampton",24.0,8.05,"Yes",1160,"Outlier","false"
"Third","Male",0,0,"Southampton",50.0,8.05,"No",1161,"No Outlier","false"
"Third","Male",0,0,"Southampton",16.0,8.05,"No",1162,"No Outlier","false"
"Third","Male",0,0,"Queenstown",24.0,7.75,"Yes",1163,"No Outlier","false"
"Third","Male",0,0,"Queenstown",25.0,24.15,"No",1164,"No Outlier","false"
"Third","Male",0,0,"Cherbourg",33.0,7.2292,"No",1165,"No Outlier","false"
"Third","Male",0,0,"Cherbourg",25.0,7.225,"No",1166,"No Outlier","false"
"Third","Male",0,0,"Cherbourg",28.0,7.225,"No",1167,"No Outlier","false"
"Third","Male",0,0,"Queenstown",22.0,7.7292,"No",1168,"No Outlier","false"
"Third","Male",0,0,"Southampton",25.0,7.575,"No",1169,"No Outlier","false"
"Third","Male",0,0,"Southampton",38.5,7.25,"No",1170,"No Outlier","false"
"Third","Male",8,2,"Southampton",14.5,69.55,"No",1171,"No Outlier","false"
"Third","Male",8,2,"Southampton",14.5,69.55,"No",1172,"No Outlier","false"
"Third","Female",8,2,"Southampton",14.5,69.55,"No",1173,"No Outlier","false"
"Third","Female",8,2,"Southampton",14.5,69.55,"No",1174,"No Outlier","false"
"Third","Female",8,2,"Southampton",14.5,69.55,"No",1175,"No Outlier","false"
"Third","Female",8,2,"Southampton",14.5,69.55,"No",1176,"No Outlier","false"
"Third","Male",8,2,"Southampton",14.5,69.55,"No",1177,"No Outlier","false"
"Third","Male",8,2,"Southampton",14.5,69.55,"No",1178,"No Outlier","false"
"Third","Male",8,2,"Southampton",14.5,69.55,"No",1179,"No Outlier","false"
"Third","Male",1,9,"Southampton",14.5,69.55,"No",1180,"Outlier","false"
"Third","Female",1,9,"Southampton",14.5,69.55,"No",1181,"Outlier","false"
"Third","Male",0,0,"Southampton",24.0,9.325,"No",1182,"No Outlier","false"
"Third","Female",0,0,"Southampton",21.0,7.65,"Yes",1183,"Outlier","false"
"Third","Male",0,0,"Southampton",39.0,7.925,"No",1184,"No Outlier","false"
"Third","Male",2,0,"Cherbourg",22.0,21.6792,"No",1185,"No Outlier","false"
"Third","Male",2,0,"Cherbourg",23.0,21.6792,"No",1186,"No Outlier","false"
"Third","Male",2,0,"Cherbourg",26.0,21.6792,"No",1187,"No Outlier","false"
"Third","Female",1,1,"Southampton",1.0,16.7,"Yes",1188,"No Outlier","false"
"Third","Female",0,2,"Southampton",24.0,16.7,"Yes",1189,"No Outlier","false"
"Third","Female",1,1,"Southampton",4.0,16.7,"Yes",1190,"No Outlier","false"
"Third","Male",0,0,"Southampton",25.0,9.5,"Yes",1191,"Outlier","false"
"Third","Male",0,0,"Southampton",20.0,8.05,"No",1192,"No Outlier","false"
"Third","Male",0,0,"Southampton",24.5,8.05,"No",1193,"Outlier","false"
"Third","Male",0,0,"Queenstown",25.0,7.725,"No",1194,"No Outlier","false"
"Third","Male",0,0,"Southampton",23.0,7.8958,"No",1195,"No Outlier","false"
"Third","Male",0,0,"Queenstown",25.0,7.75,"No",1196,"No Outlier","false"
"Third","Male",0,0,"Southampton",29.0,9.5,"Yes",1197,"No Outlier","false"
"Third","Male",0,0,"Southampton",25.0,15.1,"No",1198,"No Outlier","false"
"Third","Female",0,0,"Queenstown",25.0,7.7792,"Yes",1199,"Outlier","false"
"Third","Male",0,0,"Southampton",26.0,8.05,"No",1200,"No Outlier","false"
"Third","Male",0,0,"Southampton",27.0,8.05,"No",1201,"No Outlier","false"
"Third","Male",0,0,"Cherbourg",22.0,7.2292,"No",1202,"No Outlier","false"
"Third","Male",0,0,"Southampton",24.0,8.05,"No",1203,"No Outlier","false"
"Third","Male",0,0,"Southampton",40.0,7.8958,"No",1204,"No Outlier","false"
"Third","Male",0,0,"Southampton",21.0,7.925,"No",1205,"No Outlier","false"
"Third","Female",0,0,"Southampton",18.0,7.4958,"Yes",1206,"No Outlier","false"
"Third","Male",3,2,"Southampton",4.0,27.9,"No",1207,"No Outlier","false"
"Third","Male",3,2,"Southampton",10.0,27.9,"No",1208,"No Outlier","false"
"Third","Female",3,2,"Southampton",9.0,27.9,"No",1209,"No Outlier","false"
"Third","Female",3,2,"Southampton",2.0,27.9,"No",1210,"No Outlier","false"
"Third","Male",1,4,"Southampton",40.0,27.9,"No",1211,"No Outlier","false"
"Third","Female",1,4,"Southampton",45.0,27.9,"No",1212,"No Outlier","false"
"Third","Male",0,0,"Southampton",25.0,7.8958,"No",1213,"No Outlier","false"
"Third","Male",0,0,"Southampton",25.0,8.05,"No",1214,"No Outlier","false"
"Third","Male",0,0,"Southampton",22.0,8.6625,"No",1215,"No Outlier","false"
"Third","Male",0,0,"Queenstown",29.0,7.75,"No",1216,"No Outlier","false"
"Third","Female",0,0,"Queenstown",22.0,7.7333,"Yes",1217,"No Outlier","false"
"Third","Male",0,0,"Southampton",19.0,7.65,"No",1218,"No Outlier","false"
"Third","Male",0,0,"Southampton",30.0,8.05,"No",1219,"No Outlier","false"
"Third","Male",0,0,"Southampton",25.0,8.05,"No",1220,"No Outlier","false"
"Third","Male",0,0,"Southampton",32.0,8.05,"No",1221,"No Outlier","false"
"Third","Male",0,0,"Southampton",25.0,7.8958,"No",1222,"No Outlier","false"
"Third","Male",0,0,"Cherbourg",33.0,8.6625,"No",1223,"No Outlier","false"
"Third","Female",0,0,"Southampton",23.0,7.55,"Yes",1224,"No Outlier","false"
"Third","Male",0,0,"Southampton",21.0,8.05,"No",1225,"No Outlier","false"
"Third","Male",0,0,"Southampton",60.5,7.725,"No",1226,"No Outlier","false"
"Third","Male",0,0,"Southampton",19.0,7.8958,"No",1227,"No Outlier","false"
"Third","Female",0,0,"Southampton",22.0,9.8375,"No",1228,"No Outlier","false"
"Third","Male",0,0,"Southampton",31.0,7.925,"Yes",1229,"No Outlier","false"
"Third","Male",0,0,"Southampton",27.0,8.6625,"No",1230,"No Outlier","false"
"Third","Female",0,1,"Southampton",2.0,10.4625,"No",1231,"No Outlier","false"
"Third","Female",1,1,"Southampton",29.0,10.4625,"No",1232,"No Outlier","false"
"Third","Male",0,0,"Southampton",16.0,8.05,"Yes",1233,"No Outlier","false"
"Third","Male",0,0,"Southampton",44.0,7.925,"Yes",1234,"No Outlier","false"
"Third","Male",0,0,"Southampton",25.0,7.05,"No",1235,"Outlier","false"
"Third","Male",0,0,"Southampton",74.0,7.775,"No",1236,"No Outlier","false"
"Third","Male",0,0,"Southampton",14.0,9.225,"Yes",1237,"No Outlier","false"
"Third","Male",0,0,"Southampton",24.0,7.7958,"No",1238,"No Outlier","false"
"Third","Male",0,0,"Southampton",25.0,7.7958,"Yes",1239,"No Outlier","false"
"Third","Male",0,0,"Southampton",34.0,8.05,"No",1240,"No Outlier","false"
"Third","Male",0,1,"Cherbourg",0.4167,8.5167,"Yes",1241,"No Outlier","false"
"Third","Male",1,0,"Cherbourg",25.0,6.4375,"No",1242,"No Outlier","false"
"Third","Male",0,0,"Cherbourg",22.0,6.4375,"No",1243,"No Outlier","false"
"Third","Male",0,0,"Cherbourg",30.0,7.225,"No",1244,"No Outlier","false"
"Third","Female",1,1,"Cherbourg",16.0,8.5167,"Yes",1245,"No Outlier","false"
"Third","Male",0,0,"Southampton",25.0,8.05,"No",1246,"No Outlier","false"
"Third","Male",1,0,"Southampton",35.0,16.1,"No",1247,"No Outlier","false"
"Third","Female",1,0,"Southampton",28.0,16.1,"Yes",1248,"No Outlier","false"
"Third","Male",0,0,"Southampton",32.0,7.925,"No",1249,"No Outlier","false"
"Third","Male",0,0,"Queenstown",28.0,7.75,"No",1250,"No Outlier","false"
"Third","Male",0,0,"Southampton",25.0,7.8958,"No",1251,"No Outlier","false"
"Third","Male",0,0,"Southampton",30.5,8.05,"No",1252,"No Outlier","false"
"Third","Male",0,0,"Southampton",44.0,8.05,"No",1253,"No Outlier","false"
"Third","Male",0,0,"Cherbourg",29.0,7.2292,"No",1254,"No Outlier","false"
"Third","Male",0,0,"Southampton",25.0,0.0,"Yes",1255,"Outlier","false"
"Third","Male",0,0,"Cherbourg",28.0,7.2292,"No",1256,"No Outlier","false"
"Third","Male",1,1,"Cherbourg",7.0,15.2458,"Yes",1257,"No Outlier","false"
"Third","Female",1,1,"Cherbourg",9.0,15.2458,"Yes",1258,"No Outlier","false"
"Third","Female",0,2,"Cherbourg",29.0,15.2458,"Yes",1259,"No Outlier","false"
"Third","Male",0,0,"Southampton",36.0,7.8958,"No",1260,"No Outlier","false"
"Third","Female",0,0,"Southampton",18.0,9.8417,"Yes",1261,"No Outlier","false"
"Third","Female",0,0,"Southampton",63.0,9.5875,"Yes",1262,"No Outlier","false"
"Third","Male",1,1,"Southampton",19.0,14.5,"No",1263,"No Outlier","false"
"Third","Male",1,1,"Southampton",11.5,14.5,"No",1264,"No Outlier","false"
"Third","Male",0,2,"Southampton",40.5,14.5,"No",1265,"No Outlier","false"
"Third","Female",0,2,"Southampton",10.0,24.15,"No",1266,"No Outlier","false"
"Third","Male",1,1,"Southampton",36.0,24.15,"No",1267,"No Outlier","false"
"Third","Female",1,1,"Southampton",30.0,24.15,"No",1268,"No Outlier","false"
"Third","Male",0,0,"Southampton",25.0,9.5,"No",1269,"Outlier","false"
"Third","Male",0,0,"Southampton",33.0,9.5,"No",1270,"No Outlier","false"
"Third","Male",0,0,"Southampton",28.0,9.5,"No",1271,"No Outlier","false"
"Third","Male",0,0,"Southampton",28.0,9.5,"No",1272,"No Outlier","false"
"Third","Male",0,0,"Southampton",47.0,9.0,"No",1273,"No Outlier","false"
"Third","Female",2,0,"Southampton",18.0,18.0,"No",1274,"No Outlier","false"
"Third","Male",3,0,"Southampton",31.0,18.0,"No",1275,"No Outlier","false"
"Third","Male",2,0,"Southampton",16.0,18.0,"No",1276,"No Outlier","false"
"Third","Female",1,0,"Southampton",31.0,18.0,"No",1277,"No Outlier","false"
"Third","Male",0,0,"Cherbourg",22.0,7.225,"Yes",1278,"No Outlier","false"
"Third","Male",0,0,"Southampton",20.0,7.8542,"No",1279,"No Outlier","false"
"Third","Female",0,0,"Southampton",14.0,7.8542,"No",1280,"No Outlier","false"
"Third","Male",0,0,"Southampton",22.0,7.8958,"No",1281,"No Outlier","false"
"Third","Male",0,0,"Southampton",22.0,9.0,"No",1282,"No Outlier","false"
"Third","Male",0,0,"Southampton",24.0,8.05,"No",1283,"No Outlier","false"
"Third","Male",0,0,"Southampton",28.0,7.55,"No",1284,"No Outlier","false"
"Third","Male",0,0,"Southampton",25.0,8.05,"No",1285,"No Outlier","false"
"Third","Male",0,0,"Southampton",32.5,9.5,"No",1286,"No Outlier","false"
"Third","Female",0,0,"Cherbourg",38.0,7.2292,"Yes",1287,"No Outlier","false"
"Third","Male",0,0,"Southampton",51.0,7.75,"No",1288,"No Outlier","false"
"Third","Male",1,0,"Southampton",18.0,6.4958,"No",1289,"No Outlier","false"
"Third","Male",1,0,"Southampton",21.0,6.4958,"No",1290,"No Outlier","false"
"Third","Female",1,0,"Southampton",47.0,7.0,"Yes",1291,"No Outlier","false"
"Third","Male",0,0,"Southampton",25.0,8.7125,"No",1292,"Outlier","false"
"Third","Male",0,0,"Southampton",29.0,7.55,"No",1293,"No Outlier","false"
"Third","Male",0,0,"Southampton",25.0,8.05,"No",1294,"No Outlier","false"
"Third","Male",0,0,"Southampton",28.5,16.1,"No",1295,"No Outlier","false"
"Third","Male",0,0,"Southampton",21.0,7.25,"No",1296,"No Outlier","false"
"Third","Male",0,0,"Southampton",27.0,8.6625,"No",1297,"No Outlier","false"
"Third","Male",0,0,"Southampton",25.0,7.25,"No",1298,"Outlier","false"
"Third","Male",0,0,"Southampton",36.0,9.5,"No",1299,"No Outlier","false"
"Third","Male",1,0,"Cherbourg",27.0,14.4542,"No",1300,"No Outlier","false"
"Third","Female",1,0,"Cherbourg",15.0,14.4542,"Yes",1301,"No Outlier","false"
"Third","Male",0,0,"Cherbourg",45.5,7.225,"No",1302,"No Outlier","false"
"Third","Male",0,0,"Cherbourg",34.0,7.225,"No",1303,"No Outlier","false"
"Third","Male",0,0,"Cherbourg",45.5,14.4583,"No",1304,"No Outlier","false"
"Third","Female",1,0,"Cherbourg",14.5,14.4542,"No",1305,"No Outlier","false"
"Third","Female",1,0,"Cherbourg",14.0,14.4542,"No",1306,"No Outlier","false"
"Third","Male",0,0,"Cherbourg",26.5,7.225,"No",1307,"No Outlier","false"
"Third","Male",0,0,"Cherbourg",27.0,7.225,"No",1308,"No Outlier","false"
"Third","Male",0,0,"Southampton",29.0,7.875,"No",1309,"No Outlier","false"
