PassengerClass,Sex,Survived,Age Group,Relative,Fare,No of Siblings or Spouses on Board,No of Parents or Children on Board,Port of Embarkation,Age,Passenger Fare
First,Female,Yes,Youth,None,Affordable,0,0,Southampton,29,211.3375
First,Male,Yes,Baby,Few,Cheap,1,2,Southampton,0.9167,151.55
First,Female,No,Child,Few,Cheap,1,2,Southampton,2,151.55
First,Male,No,Adult,Few,Cheap,1,2,Southampton,30,151.55
First,Female,No,Youth,Few,Cheap,1,2,Southampton,25,151.55
First,Male,Yes,Adult,None,Cheap,0,0,Southampton,48,26.55
First,Female,Yes,Adult,Few,Cheap,1,0,Southampton,63,77.9583
First,Male,No,Adult,None,Cheap,0,0,Southampton,39,0
First,Female,Yes,Adult,Few,Cheap,2,0,Southampton,53,51.4792
First,Male,No,Senior,None,Cheap,0,0,Cherbourg,71,49.5042
First,Male,No,Adult,Few,Affordable,1,0,Cherbourg,47,227.525
First,Female,Yes,Teen,Few,Affordable,1,0,Cherbourg,18,227.525
First,Female,Yes,Youth,None,Cheap,0,0,Cherbourg,24,69.3
First,Female,Yes,Youth,None,Cheap,0,0,Southampton,26,78.85
First,Male,Yes,Senior,None,Cheap,0,0,Southampton,80,30
First,Male,No,Adult,None,Cheap,0,0,Southampton,41,25.925
First,Male,No,Youth,Few,Affordable,0,1,Cherbourg,24,247.5208
First,Female,Yes,Adult,Few,Affordable,0,1,Cherbourg,50,247.5208
First,Female,Yes,Adult,None,Cheap,0,0,Cherbourg,32,76.2917
First,Male,No,Adult,None,Cheap,0,0,Cherbourg,36,75.2417
First,Male,Yes,Adult,Few,Cheap,1,1,Southampton,37,52.5542
First,Female,Yes,Adult,Few,Cheap,1,1,Southampton,47,52.5542
First,Male,Yes,Youth,None,Cheap,0,0,Cherbourg,26,30
First,Female,Yes,Adult,None,Affordable,0,0,Cherbourg,42,227.525
First,Female,Yes,Youth,None,Affordable,0,0,Southampton,29,221.7792
First,Male,No,Youth,None,Cheap,0,0,Cherbourg,25,26
First,Male,Yes,Youth,Few,Cheap,1,0,Cherbourg,25,91.0792
First,Female,Yes,Youth,Few,Cheap,1,0,Cherbourg,19,91.0792
First,Female,Yes,Adult,None,Cheap,0,0,Southampton,35,135.6333
First,Male,Yes,Youth,None,Cheap,0,0,Southampton,28,26.55
First,Male,No,Adult,None,Cheap,0,0,Southampton,45,35.5
First,Male,Yes,Adult,None,Cheap,0,0,Cherbourg,40,31
First,Female,Yes,Adult,None,Cheap,0,0,Southampton,30,164.8667
First,Female,Yes,Adult,None,Cheap,0,0,Southampton,58,26.55
First,Male,No,Adult,None,Cheap,0,0,Southampton,42,26.55
First,Female,Yes,Adult,None,Affordable,0,0,Cherbourg,45,262.375
First,Female,Yes,Youth,Few,Cheap,0,1,Southampton,22,55
First,Male,Yes,Adult,None,Cheap,0,0,Southampton,41,26.55
First,Male,No,Adult,None,Cheap,0,0,Southampton,41,30.5
First,Male,No,Adult,None,Cheap,0,0,Cherbourg,48,50.4958
First,Male,No,Adult,None,Cheap,0,0,Cherbourg,41,39.6
First,Female,Yes,Adult,None,Cheap,0,0,Cherbourg,44,27.7208
First,Female,Yes,Adult,Few,Cheap,2,0,Southampton,59,51.4792
First,Female,Yes,Adult,None,Cheap,0,0,Cherbourg,60,76.2917
First,Female,Yes,Adult,None,Cheap,0,0,Cherbourg,41,134.5
First,Male,No,Adult,None,Cheap,0,0,Southampton,45,26.55
First,Male,No,Adult,None,Cheap,0,0,Southampton,35,31
First,Male,Yes,Adult,None,Cheap,0,0,Southampton,42,26.2875
First,Female,Yes,Adult,None,Cheap,0,0,Cherbourg,53,27.4458
First,Male,Yes,Adult,Few,Expensive,0,1,Cherbourg,36,512.3292
First,Female,Yes,Adult,Few,Expensive,0,1,Cherbourg,58,512.3292
First,Male,No,Adult,None,Cheap,0,0,Southampton,33,5
First,Male,No,Youth,None,Cheap,0,0,Southampton,28,47.1
First,Male,No,Teen,None,Cheap,0,0,Southampton,17,47.1
First,Male,Yes,Child,Few,Cheap,1,2,Southampton,11,120
First,Female,Yes,Teen,Few,Cheap,1,2,Southampton,14,120
First,Male,Yes,Adult,Few,Cheap,1,2,Southampton,36,120
First,Female,Yes,Adult,Few,Cheap,1,2,Southampton,36,120
First,Male,No,Adult,None,Cheap,0,0,Southampton,49,26
First,Female,Yes,Adult,None,Cheap,0,0,Cherbourg,40,27.7208
First,Male,No,Adult,Few,Cheap,1,0,Southampton,36,78.85
First,Female,Yes,Senior,Few,Cheap,1,0,Southampton,76,78.85
First,Male,No,Adult,Few,Cheap,1,0,Southampton,46,61.175
First,Female,Yes,Adult,Few,Cheap,1,0,Southampton,47,61.175
First,Male,Yes,Youth,Few,Cheap,1,0,Southampton,27,53.1
First,Female,Yes,Adult,Few,Cheap,1,0,Southampton,33,53.1
First,Female,Yes,Adult,None,Affordable,0,0,Cherbourg,36,262.375
First,Female,Yes,Adult,None,Cheap,0,0,Southampton,30,86.5
First,Male,Yes,Adult,None,Cheap,0,0,Cherbourg,45,29.7
First,Female,Yes,Youth,Few,Cheap,0,1,Southampton,27,55
First,Male,No,Adult,None,Cheap,0,0,Southampton,41,0
First,Male,No,Youth,Few,Cheap,1,0,Cherbourg,27,136.7792
First,Female,Yes,Youth,Few,Cheap,1,0,Cherbourg,26,136.7792
First,Female,Yes,Youth,None,Cheap,0,0,Southampton,22,151.55
First,Male,No,Adult,None,Cheap,0,0,Southampton,39,52
First,Male,No,Adult,None,Cheap,0,0,Southampton,47,25.5875
First,Female,Yes,Adult,Few,Cheap,1,1,Cherbourg,39,83.1583
First,Male,No,Adult,Few,Cheap,1,1,Cherbourg,37,83.1583
First,Female,Yes,Adult,Few,Cheap,0,2,Cherbourg,64,83.1583
First,Female,Yes,Adult,Few,Cheap,2,0,Southampton,55,25.7
First,Male,No,Adult,None,Cheap,0,0,Southampton,40,26.55
First,Male,No,Senior,Few,Cheap,1,1,Southampton,70,71
First,Female,Yes,Adult,Few,Cheap,0,2,Southampton,36,71
First,Female,Yes,Adult,Few,Cheap,1,1,Southampton,64,26.55
First,Male,No,Adult,Few,Cheap,1,0,Cherbourg,39,71.2833
First,Female,Yes,Adult,Few,Cheap,1,0,Cherbourg,38,71.2833
First,Male,Yes,Adult,None,Cheap,0,0,Southampton,51,26.55
First,Male,Yes,Youth,None,Cheap,0,0,Southampton,27,30.5
First,Female,Yes,Adult,None,Cheap,0,0,Southampton,33,151.55
First,Male,No,Adult,Few,Cheap,1,0,Southampton,31,52
First,Female,Yes,Youth,Few,Cheap,1,2,Southampton,27,52
First,Male,Yes,Adult,Few,Cheap,1,0,Southampton,31,57
First,Female,Yes,Teen,Few,Cheap,1,0,Southampton,17,57
First,Male,Yes,Adult,Few,Cheap,1,1,Southampton,53,81.8583
First,Male,Yes,Child,Few,Cheap,0,2,Southampton,4,81.8583
First,Female,Yes,Adult,Few,Cheap,1,1,Southampton,54,81.8583
First,Male,No,Adult,Few,Cheap,1,0,Cherbourg,50,106.425
First,Female,Yes,Youth,Few,Affordable,1,1,Cherbourg,27,247.5208
First,Female,Yes,Adult,Few,Cheap,1,0,Cherbourg,48,106.425
First,Female,Yes,Adult,Few,Cheap,1,0,Cherbourg,48,39.6
First,Male,Yes,Adult,Few,Cheap,1,0,Cherbourg,49,56.9292
First,Male,No,Adult,None,Cheap,0,0,Cherbourg,39,29.7
First,Female,Yes,Youth,Few,Cheap,0,1,Cherbourg,23,83.1583
First,Female,Yes,Adult,None,Affordable,0,0,Cherbourg,38,227.525
First,Female,Yes,Adult,Few,Cheap,1,0,Cherbourg,54,78.2667
First,Female,No,Adult,None,Cheap,0,0,Cherbourg,36,31.6792
First,Male,No,Adult,None,Affordable,0,0,Southampton,43,221.7792
First,Female,Yes,Adult,None,Cheap,0,0,Southampton,39,31.6833
First,Female,Yes,Adult,None,Cheap,0,0,Cherbourg,40,110.8833
First,Male,Yes,Adult,None,Cheap,0,0,Southampton,36,26.3875
First,Male,No,Adult,None,Cheap,0,0,Cherbourg,30,27.75
First,Female,Yes,Youth,Many,Affordable,3,2,Southampton,24,263
First,Female,Yes,Youth,Many,Affordable,3,2,Southampton,28,263
First,Female,Yes,Youth,Many,Affordable,3,2,Southampton,23,263
First,Male,No,Youth,Many,Affordable,3,2,Southampton,19,263
First,Male,No,Adult,Many,Affordable,1,4,Southampton,64,263
First,Female,Yes,Adult,Many,Affordable,1,4,Southampton,60,263
First,Female,Yes,Adult,None,Cheap,0,0,Cherbourg,30,56.9292
First,Male,No,Adult,None,Cheap,0,0,Southampton,40,26.55
First,Male,Yes,Adult,Few,Cheap,2,0,Southampton,50,133.65
First,Male,Yes,Adult,Few,Cheap,1,0,Cherbourg,43,27.7208
First,Female,Yes,Adult,Few,Cheap,1,0,Southampton,45,133.65
First,Female,Yes,Youth,Few,Cheap,0,2,Cherbourg,22,49.5
First,Male,Yes,Adult,Few,Cheap,1,1,Cherbourg,60,79.2
First,Female,Yes,Adult,Few,Cheap,1,1,Cherbourg,48,79.2
First,Male,No,Adult,None,Cheap,0,0,Southampton,41,0
First,Male,No,Adult,Few,Cheap,1,0,Southampton,37,53.1
First,Female,Yes,Adult,Few,Cheap,1,0,Southampton,35,53.1
First,Male,No,Adult,None,Cheap,0,0,Southampton,47,38.5
First,Female,Yes,Adult,None,Affordable,0,0,Cherbourg,35,211.5
First,Female,Yes,Youth,Few,Cheap,0,1,Cherbourg,22,59.4
First,Female,Yes,Adult,Few,Cheap,0,1,Cherbourg,45,59.4
First,Male,No,Youth,None,Cheap,0,0,Cherbourg,24,79.2
First,Male,Yes,Adult,Few,Cheap,1,0,Cherbourg,49,89.1042
First,Female,Yes,Adult,Few,Cheap,1,0,Cherbourg,44,89.1042
First,Male,No,Senior,None,Cheap,0,0,Cherbourg,71,34.6542
First,Male,Yes,Adult,None,Cheap,0,0,Cherbourg,53,28.5
First,Female,Yes,Youth,None,Cheap,0,0,Southampton,19,30
First,Male,No,Adult,Few,Cheap,0,1,Southampton,38,153.4625
First,Female,Yes,Adult,Few,Cheap,0,1,Southampton,58,153.4625
First,Male,Yes,Youth,Few,Cheap,0,1,Cherbourg,23,63.3583
First,Female,Yes,Adult,Few,Cheap,0,1,Cherbourg,45,63.3583
First,Male,No,Adult,None,Cheap,0,0,Cherbourg,46,79.2
First,Male,Yes,Youth,Few,Cheap,1,0,Cherbourg,25,55.4417
First,Female,Yes,Youth,Few,Cheap,1,0,Cherbourg,25,55.4417
First,Male,Yes,Adult,Few,Cheap,1,0,Cherbourg,48,76.7292
First,Female,Yes,Adult,Few,Cheap,1,0,Cherbourg,49,76.7292
First,Male,No,Adult,None,Cheap,0,0,Southampton,40,42.4
First,Male,No,Adult,Few,Cheap,1,0,Southampton,45,83.475
First,Female,Yes,Adult,Few,Cheap,1,0,Southampton,35,83.475
First,Male,No,Adult,None,Cheap,0,0,Southampton,40,0
First,Male,Yes,Youth,None,Cheap,0,0,Cherbourg,27,76.7292
First,Male,Yes,Adult,None,Cheap,0,0,Southampton,40,30
First,Female,Yes,Youth,None,Cheap,0,0,Cherbourg,24,83.1583
First,Male,No,Adult,Few,Cheap,1,1,Southampton,55,93.5
First,Female,Yes,Adult,Few,Cheap,1,1,Southampton,52,93.5
First,Male,No,Adult,None,Cheap,0,0,Southampton,42,42.5
First,Male,No,Adult,None,Cheap,0,0,Southampton,39,51.8625
First,Male,No,Adult,None,Cheap,0,0,Southampton,55,50
First,Female,Yes,Teen,Few,Cheap,0,1,Cherbourg,16,57.9792
First,Female,Yes,Adult,Few,Cheap,0,1,Cherbourg,44,57.9792
First,Female,Yes,Adult,Few,Cheap,1,0,Southampton,51,77.9583
First,Male,No,Adult,Few,Cheap,1,0,Southampton,42,52
First,Female,Yes,Adult,Few,Cheap,1,0,Southampton,35,52
First,Male,Yes,Adult,None,Cheap,0,0,Cherbourg,35,26.55
First,Male,Yes,Adult,Few,Cheap,1,0,Southampton,38,90
First,Male,No,Adult,None,Cheap,0,0,Cherbourg,38,30.6958
First,Female,Yes,Adult,Few,Cheap,1,0,Southampton,35,90
First,Female,Yes,Adult,None,Cheap,0,0,Cherbourg,38,80
First,Female,No,Adult,None,Cheap,0,0,Cherbourg,50,28.7125
First,Male,Yes,Adult,None,Cheap,0,0,Southampton,49,0
First,Male,No,Adult,None,Cheap,0,0,Southampton,46,26
First,Male,No,Adult,None,Cheap,0,0,Southampton,50,26
First,Male,No,Adult,None,Affordable,0,0,Cherbourg,32.5,211.5
First,Male,No,Adult,None,Cheap,0,0,Cherbourg,58,29.7
First,Male,No,Adult,Few,Cheap,1,0,Southampton,41,51.8625
First,Female,Yes,Adult,Few,Cheap,1,0,Southampton,41,51.8625
First,Male,Yes,Adult,Few,Cheap,1,0,Southampton,42,52.5542
First,Female,Yes,Adult,Few,Cheap,1,0,Southampton,45,52.5542
First,Male,No,Adult,None,Cheap,0,0,Southampton,42,26.55
First,Female,Yes,Adult,None,Affordable,0,0,Southampton,39,211.3375
First,Female,Yes,Adult,None,Cheap,0,0,Southampton,49,25.9292
First,Female,Yes,Adult,None,Cheap,0,0,Cherbourg,30,106.425
First,Male,Yes,Adult,None,Expensive,0,0,Cherbourg,35,512.3292
First,Male,No,Adult,None,Cheap,0,0,Cherbourg,39,27.7208
First,Male,No,Adult,None,Cheap,0,0,Southampton,42,26.55
First,Female,Yes,Adult,None,Cheap,0,0,Cherbourg,55,27.7208
First,Female,Yes,Teen,Few,Cheap,0,1,Southampton,16,39.4
First,Female,Yes,Adult,Few,Cheap,0,1,Southampton,51,39.4
First,Male,No,Youth,None,Cheap,0,0,Southampton,29,30
First,Female,Yes,Youth,None,Cheap,0,0,Southampton,21,77.9583
First,Male,No,Adult,None,Cheap,0,0,Southampton,30,45.5
First,Female,Yes,Adult,None,Cheap,0,0,Cherbourg,58,146.5208
First,Female,Yes,Teen,Few,Affordable,0,1,Southampton,15,211.3375
First,Male,No,Adult,None,Cheap,0,0,Southampton,30,26
First,Female,Yes,Teen,None,Cheap,0,0,Southampton,16,86.5
First,Male,Yes,Adult,None,Cheap,0,0,Cherbourg,45,29.7
First,Male,No,Youth,Few,Cheap,1,0,Southampton,19,53.1
First,Female,Yes,Teen,Few,Cheap,1,0,Southampton,18,53.1
First,Female,Yes,Youth,None,Cheap,0,0,Cherbourg,24,49.5042
First,Male,No,Adult,None,Cheap,0,0,Cherbourg,46,75.2417
First,Male,No,Adult,None,Cheap,0,0,Southampton,54,51.8625
First,Male,Yes,Adult,None,Cheap,0,0,Southampton,36,26.2875
First,Male,No,Youth,Few,Cheap,1,0,Cherbourg,28,82.1708
First,Female,Yes,Adult,Few,Cheap,1,0,Cherbourg,38,82.1708
First,Male,No,Adult,None,Cheap,0,0,Southampton,65,26.55
First,Male,No,Adult,Few,Cheap,2,0,Queenstown,44,90
First,Female,Yes,Adult,Few,Cheap,1,0,Queenstown,33,90
First,Female,Yes,Adult,Few,Cheap,1,0,Queenstown,37,90
First,Male,Yes,Adult,Few,Cheap,1,0,Cherbourg,30,57.75
First,Male,No,Adult,None,Cheap,0,0,Southampton,55,30.5
First,Male,No,Adult,None,Cheap,0,0,Southampton,47,42.4
First,Male,No,Adult,Few,Cheap,0,1,Cherbourg,37,29.7
First,Female,Yes,Adult,Few,Cheap,1,0,Cherbourg,31,113.275
First,Female,Yes,Youth,Few,Cheap,1,0,Cherbourg,23,113.275
First,Male,No,Adult,Few,Cheap,0,2,Cherbourg,58,113.275
First,Female,Yes,Youth,Few,Cheap,0,2,Southampton,19,26.2833
First,Male,No,Adult,None,Cheap,0,0,Southampton,64,26
First,Female,Yes,Adult,None,Cheap,0,0,Cherbourg,39,108.9
First,Male,Yes,Adult,None,Cheap,0,0,Cherbourg,41,25.7417
First,Female,Yes,Youth,Few,Cheap,0,1,Cherbourg,22,61.9792
First,Male,No,Adult,Few,Cheap,0,1,Cherbourg,65,61.9792
First,Male,No,Youth,None,Cheap,0,0,Cherbourg,28.5,27.7208
First,Male,No,Adult,None,Cheap,0,0,Southampton,41,0
First,Male,No,Adult,None,Cheap,0,0,Southampton,45.5,28.5
First,Male,No,Youth,None,Cheap,0,0,Southampton,23,93.5
First,Male,No,Youth,Few,Cheap,1,0,Southampton,29,66.6
First,Female,Yes,Youth,Few,Cheap,1,0,Southampton,22,66.6
First,Male,No,Teen,Few,Cheap,1,0,Cherbourg,18,108.9
First,Female,Yes,Teen,Few,Cheap,1,0,Cherbourg,17,108.9
First,Female,Yes,Adult,None,Cheap,0,0,Southampton,30,93.5
First,Male,Yes,Adult,None,Cheap,0,0,Southampton,52,30.5
First,Male,No,Adult,None,Cheap,0,0,Southampton,47,52
First,Female,Yes,Adult,Few,Cheap,0,1,Cherbourg,56,83.1583
First,Male,No,Adult,None,Cheap,0,0,Southampton,38,0
First,Male,Yes,Adult,None,Cheap,0,0,Southampton,39,39.6
First,Male,No,Youth,None,Cheap,0,0,Cherbourg,22,135.6333
First,Male,No,Adult,None,Affordable,0,0,Cherbourg,39,227.525
First,Female,Yes,Adult,Few,Affordable,0,1,Southampton,43,211.3375
First,Male,No,Adult,None,Cheap,0,0,Southampton,31,50.4958
First,Male,Yes,Adult,None,Cheap,0,0,Southampton,45,26.55
First,Male,No,Adult,None,Cheap,0,0,Southampton,38,50
First,Female,Yes,Adult,None,Cheap,0,0,Cherbourg,33,27.7208
First,Male,No,Adult,None,Cheap,0,0,Cherbourg,46,79.2
First,Male,No,Adult,None,Cheap,0,0,Cherbourg,36,40.125
First,Female,Yes,Adult,None,Cheap,0,0,Southampton,33,86.5
First,Male,No,Adult,Few,Cheap,1,0,Cherbourg,55,59.4
First,Female,Yes,Adult,Few,Cheap,1,0,Cherbourg,54,59.4
First,Male,No,Adult,None,Cheap,0,0,Southampton,33,26.55
First,Male,Yes,Teen,Few,Affordable,2,2,Cherbourg,13,262.375
First,Female,Yes,Teen,Few,Affordable,2,2,Cherbourg,18,262.375
First,Female,Yes,Youth,Few,Affordable,2,2,Cherbourg,21,262.375
First,Male,No,Adult,Few,Affordable,1,3,Cherbourg,61,262.375
First,Female,Yes,Adult,Few,Affordable,1,3,Cherbourg,48,262.375
First,Male,Yes,Adult,None,Cheap,0,0,Southampton,44,30.5
First,Female,Yes,Youth,None,Cheap,0,0,Cherbourg,24,69.3
First,Male,Yes,Adult,None,Cheap,0,0,Southampton,40,26
First,Female,Yes,Adult,Few,Cheap,1,0,Cherbourg,35,57.75
First,Female,Yes,Adult,None,Cheap,0,0,Cherbourg,30,31
First,Male,Yes,Adult,None,Cheap,0,0,Southampton,34,26.55
First,Female,Yes,Adult,None,Cheap,0,0,Southampton,40,153.4625
First,Male,Yes,Adult,None,Cheap,0,0,Southampton,35,26.2875
First,Male,No,Adult,Few,Cheap,1,0,Southampton,50,55.9
First,Female,Yes,Adult,Few,Cheap,1,0,Southampton,39,55.9
First,Male,Yes,Adult,None,Cheap,0,0,Cherbourg,56,35.5
First,Male,Yes,Youth,None,Cheap,0,0,Southampton,28,35.5
First,Male,No,Adult,None,Cheap,0,0,Southampton,56,26.55
First,Male,No,Adult,None,Cheap,0,0,Cherbourg,56,30.6958
First,Male,No,Youth,Few,Cheap,1,0,Southampton,24,60
First,Male,No,Adult,None,Cheap,0,0,Southampton,40,26
First,Female,Yes,Teen,Few,Cheap,1,0,Southampton,18,60
First,Male,Yes,Youth,Few,Cheap,1,0,Southampton,24,82.2667
First,Female,Yes,Youth,Few,Cheap,1,0,Southampton,23,82.2667
First,Male,Yes,Child,Few,Cheap,0,2,Cherbourg,6,134.5
First,Male,Yes,Adult,Few,Cheap,1,1,Cherbourg,45,134.5
First,Female,Yes,Adult,Few,Cheap,1,1,Cherbourg,40,134.5
First,Male,No,Adult,Few,Cheap,1,0,Cherbourg,57,146.5208
First,Female,Yes,Adult,Few,Cheap,1,0,Cherbourg,40,146.5208
First,Male,Yes,Adult,None,Cheap,0,0,Cherbourg,32,30.5
First,Male,No,Adult,None,Cheap,0,0,Southampton,62,26.55
First,Male,Yes,Adult,Few,Cheap,1,0,Cherbourg,54,55.4417
First,Female,Yes,Adult,Few,Cheap,1,0,Cherbourg,43,55.4417
First,Female,Yes,Adult,Few,Cheap,1,0,Cherbourg,52,78.2667
First,Male,No,Adult,None,Cheap,0,0,Cherbourg,39,27.7208
First,Female,Yes,Adult,None,Cheap,0,0,Cherbourg,62,80
First,Male,No,Senior,Few,Affordable,1,0,Southampton,67,221.7792
First,Female,No,Adult,Few,Affordable,1,0,Southampton,63,221.7792
First,Male,No,Adult,None,Cheap,0,0,Southampton,61,32.3208
First,Female,Yes,Adult,None,Cheap,0,0,Southampton,48,25.9292
First,Female,Yes,Teen,Few,Cheap,0,2,Southampton,18,79.65
First,Male,No,Adult,Few,Cheap,1,1,Southampton,52,79.65
First,Female,Yes,Adult,Few,Cheap,1,1,Southampton,39,79.65
First,Male,Yes,Adult,Few,Cheap,1,0,Southampton,48,52
First,Female,Yes,Adult,Few,Cheap,1,0,Southampton,40,52
First,Male,No,Adult,Few,Cheap,1,1,Cherbourg,49,110.8833
First,Male,Yes,Teen,Few,Cheap,0,2,Cherbourg,17,110.8833
First,Female,Yes,Adult,Few,Cheap,1,1,Cherbourg,39,110.8833
First,Female,Yes,Adult,None,Cheap,0,0,Cherbourg,39,79.2
First,Male,Yes,Adult,None,Cheap,0,0,Cherbourg,31,28.5375
First,Male,No,Adult,None,Cheap,0,0,Cherbourg,40,27.7208
First,Male,No,Adult,None,Cheap,0,0,Southampton,61,33.5
First,Male,No,Adult,None,Cheap,0,0,Southampton,47,34.0208
First,Female,Yes,Adult,None,Expensive,0,0,Cherbourg,35,512.3292
First,Male,No,Adult,Few,Cheap,1,0,Cherbourg,64,75.25
First,Female,Yes,Adult,Few,Cheap,1,0,Cherbourg,60,75.25
First,Male,No,Adult,None,Cheap,0,0,Southampton,60,26.55
First,Male,No,Adult,Few,Cheap,0,1,Southampton,54,77.2875
First,Male,No,Youth,Few,Cheap,0,1,Southampton,21,77.2875
First,Female,Yes,Adult,None,Cheap,0,0,Cherbourg,55,135.6333
First,Female,Yes,Adult,Few,Cheap,0,2,Southampton,31,164.8667
First,Male,No,Adult,Few,Cheap,1,1,Southampton,57,164.8667
First,Female,Yes,Adult,Few,Cheap,1,1,Southampton,45,164.8667
First,Male,No,Adult,Few,Affordable,1,1,Cherbourg,50,211.5
First,Male,No,Youth,Few,Affordable,0,2,Cherbourg,27,211.5
First,Female,Yes,Adult,Few,Affordable,1,1,Cherbourg,50,211.5
First,Female,Yes,Youth,None,Cheap,0,0,Southampton,21,26.55
First,Male,No,Adult,Few,Cheap,0,1,Cherbourg,51,61.3792
First,Male,Yes,Youth,Few,Cheap,0,1,Cherbourg,21,61.3792
First,Male,No,Adult,None,Cheap,0,0,Southampton,40,35
First,Female,Yes,Adult,None,Cheap,0,0,Cherbourg,31,134.5
First,Male,Yes,Adult,None,Cheap,0,0,Southampton,40,35.5
First,Male,No,Adult,None,Cheap,0,0,Southampton,62,26.55
First,Female,Yes,Adult,None,Cheap,0,0,Cherbourg,36,135.6333
Second,Male,No,Adult,Few,Cheap,1,0,Cherbourg,30,24
Second,Female,Yes,Youth,Few,Cheap,1,0,Cherbourg,28,24
Second,Male,No,Adult,None,Cheap,0,0,Southampton,30,13
Second,Male,No,Teen,None,Cheap,0,0,Southampton,18,11.5
Second,Male,No,Youth,None,Cheap,0,0,Southampton,25,10.5
Second,Male,No,Adult,Few,Cheap,1,0,Southampton,34,26
Second,Female,Yes,Adult,Few,Cheap,1,0,Southampton,36,26
Second,Male,No,Adult,None,Cheap,0,0,Southampton,57,13
Second,Male,No,Teen,None,Cheap,0,0,Southampton,18,11.5
Second,Male,No,Youth,None,Cheap,0,0,Southampton,23,10.5
Second,Female,Yes,Adult,None,Cheap,0,0,Southampton,36,13
Second,Male,No,Youth,None,Cheap,0,0,Southampton,28,10.5
Second,Male,No,Adult,None,Cheap,0,0,Southampton,51,12.525
Second,Male,Yes,Adult,Few,Cheap,1,0,Southampton,32,26
Second,Female,Yes,Youth,Few,Cheap,1,0,Southampton,19,26
Second,Male,No,Youth,None,Cheap,0,0,Southampton,28,26
Second,Male,Yes,Baby,Few,Cheap,2,1,Southampton,1,39
Second,Female,Yes,Child,Few,Cheap,2,1,Southampton,4,39
Second,Female,Yes,Teen,Few,Cheap,2,1,Southampton,12,39
Second,Female,Yes,Adult,Few,Cheap,0,3,Southampton,36,39
Second,Male,Yes,Adult,None,Cheap,0,0,Southampton,34,13
Second,Female,Yes,Youth,None,Cheap,0,0,Southampton,19,13
Second,Male,No,Youth,None,Cheap,0,0,Southampton,23,13
Second,Male,No,Youth,None,Cheap,0,0,Southampton,26,13
Second,Male,No,Adult,None,Cheap,0,0,Southampton,42,13
Second,Male,No,Youth,None,Cheap,0,0,Southampton,27,13
Second,Female,Yes,Youth,None,Cheap,0,0,Southampton,24,13
Second,Female,Yes,Teen,Few,Cheap,0,2,Southampton,15,39
Second,Male,No,Adult,Few,Cheap,1,1,Southampton,60,39
Second,Female,Yes,Adult,Few,Cheap,1,1,Southampton,40,39
Second,Female,Yes,Youth,Few,Cheap,1,0,Southampton,20,26
Second,Male,No,Youth,Few,Cheap,1,0,Southampton,25,26
Second,Female,Yes,Adult,None,Cheap,0,0,Southampton,36,13
Second,Male,No,Youth,None,Cheap,0,0,Southampton,25,13
Second,Male,No,Adult,None,Cheap,0,0,Southampton,42,13
Second,Female,Yes,Adult,None,Cheap,0,0,Southampton,42,13
Second,Male,Yes,Baby,Few,Cheap,0,2,Southampton,0.8333,29
Second,Male,Yes,Youth,Few,Cheap,1,1,Southampton,26,29
Second,Female,Yes,Youth,Few,Cheap,1,1,Southampton,22,29
Second,Female,Yes,Adult,None,Cheap,0,0,Southampton,35,21
Second,Male,No,Adult,None,Cheap,0,0,Southampton,39,0
Second,Male,No,Youth,None,Cheap,0,0,Southampton,19,13
Second,Female,No,Adult,Few,Cheap,1,0,Southampton,44,26
Second,Male,No,Adult,Few,Cheap,1,0,Southampton,54,26
Second,Male,No,Adult,None,Cheap,0,0,Southampton,52,13.5
Second,Male,No,Adult,Few,Cheap,1,0,Southampton,37,26
Second,Female,No,Youth,Few,Cheap,1,0,Southampton,29,26
Second,Female,Yes,Youth,Few,Cheap,1,1,Southampton,25,30
Second,Female,Yes,Adult,Few,Cheap,0,2,Southampton,45,30
Second,Male,No,Youth,Few,Cheap,1,0,Southampton,29,26
Second,Female,Yes,Youth,Few,Cheap,1,0,Southampton,28,26
Second,Male,No,Youth,None,Cheap,0,0,Southampton,29,10.5
Second,Male,No,Youth,None,Cheap,0,0,Southampton,28,13
Second,Male,Yes,Youth,None,Cheap,0,0,Southampton,24,10.5
Second,Female,Yes,Child,Few,Cheap,0,2,Southampton,8,26.25
Second,Male,No,Adult,Few,Cheap,1,1,Southampton,31,26.25
Second,Female,Yes,Adult,Few,Cheap,1,1,Southampton,31,26.25
Second,Female,Yes,Youth,None,Cheap,0,0,Southampton,22,10.5
Second,Female,No,Adult,None,Cheap,0,0,Southampton,30,13
Second,Female,No,Adult,None,Cheap,0,0,Southampton,31,21
Second,Male,No,Youth,None,Cheap,0,0,Southampton,21,11.5
Second,Male,No,Adult,None,Cheap,0,0,Southampton,38,0
Second,Male,Yes,Child,Few,Cheap,1,1,Southampton,8,36.75
Second,Male,No,Teen,None,Cheap,0,0,Southampton,18,73.5
Second,Female,Yes,Adult,Few,Cheap,0,2,Southampton,48,36.75
Second,Female,Yes,Youth,None,Cheap,0,0,Southampton,28,13
Second,Male,No,Adult,None,Cheap,0,0,Southampton,32,13
Second,Male,No,Teen,None,Cheap,0,0,Southampton,17,73.5
Second,Male,No,Youth,Few,Cheap,1,0,Cherbourg,29,27.7208
Second,Female,Yes,Youth,Few,Cheap,1,0,Cherbourg,24,27.7208
Second,Male,No,Youth,None,Cheap,0,0,Southampton,25,31.5
Second,Male,No,Teen,None,Cheap,0,0,Southampton,18,73.5
Second,Female,Yes,Teen,Few,Cheap,0,1,Southampton,18,23
Second,Female,Yes,Adult,Few,Cheap,0,1,Southampton,34,23
Second,Male,No,Adult,None,Cheap,0,0,Southampton,54,26
Second,Male,Yes,Child,Few,Cheap,0,2,Southampton,8,32.5
Second,Male,No,Adult,Few,Cheap,1,1,Southampton,42,32.5
Second,Female,Yes,Adult,Few,Cheap,1,1,Southampton,34,32.5
Second,Female,Yes,Youth,Few,Cheap,1,0,Cherbourg,27,13.8583
Second,Female,Yes,Adult,Few,Cheap,1,0,Cherbourg,30,13.8583
Second,Male,No,Youth,None,Cheap,0,0,Southampton,23,13
Second,Male,No,Youth,None,Cheap,0,0,Southampton,21,13
Second,Male,No,Teen,None,Cheap,0,0,Southampton,18,13
Second,Male,No,Adult,Few,Cheap,1,0,Southampton,40,26
Second,Female,Yes,Youth,Few,Cheap,1,0,Southampton,29,26
Second,Male,No,Teen,None,Cheap,0,0,Southampton,18,10.5
Second,Male,No,Adult,None,Cheap,0,0,Southampton,36,13
Second,Male,No,Adult,None,Cheap,0,0,Southampton,41,0
Second,Female,No,Adult,None,Cheap,0,0,Southampton,38,13
Second,Male,No,Adult,None,Cheap,0,0,Southampton,35,26
Second,Male,No,Adult,Few,Cheap,1,0,Southampton,38,21
Second,Male,No,Adult,Few,Cheap,1,0,Southampton,34,21
Second,Female,Yes,Adult,None,Cheap,0,0,Southampton,34,13
Second,Male,No,Teen,None,Cheap,0,0,Southampton,16,26
Second,Male,No,Youth,None,Cheap,0,0,Southampton,26,10.5
Second,Male,No,Adult,None,Cheap,0,0,Southampton,47,10.5
Second,Male,No,Youth,Few,Cheap,1,0,Southampton,21,11.5
Second,Male,No,Youth,Few,Cheap,1,0,Southampton,21,11.5
Second,Male,No,Youth,None,Cheap,0,0,Southampton,24,13.5
Second,Male,No,Youth,None,Cheap,0,0,Southampton,24,13
Second,Male,No,Adult,None,Cheap,0,0,Southampton,34,13
Second,Male,No,Adult,None,Cheap,0,0,Southampton,30,13
Second,Male,No,Adult,None,Cheap,0,0,Southampton,52,13
Second,Male,No,Adult,None,Cheap,0,0,Southampton,30,13
Second,Male,Yes,Baby,Few,Cheap,1,1,Southampton,0.6667,14.5
Second,Female,Yes,Youth,Few,Cheap,0,2,Southampton,24,14.5
Second,Male,No,Adult,None,Cheap,0,0,Southampton,44,13
Second,Female,Yes,Child,Few,Cheap,0,1,Southampton,6,33
Second,Male,No,Youth,Few,Cheap,0,1,Southampton,28,33
Second,Male,Yes,Adult,None,Cheap,0,0,Southampton,62,10.5
Second,Male,No,Adult,None,Cheap,0,0,Southampton,30,10.5
Second,Female,Yes,Child,Few,Cheap,0,2,Southampton,7,26.25
Second,Male,No,Adult,Few,Cheap,1,1,Southampton,43,26.25
Second,Female,Yes,Adult,Few,Cheap,1,1,Southampton,45,26.25
Second,Female,Yes,Youth,Few,Cheap,1,2,Southampton,24,65
Second,Female,Yes,Youth,Few,Cheap,1,2,Southampton,24,65
Second,Male,No,Adult,Few,Cheap,1,2,Southampton,49,65
Second,Female,Yes,Adult,Few,Cheap,1,2,Southampton,48,65
Second,Female,Yes,Adult,None,Cheap,0,0,Southampton,55,16
Second,Male,No,Youth,Few,Cheap,2,0,Southampton,24,73.5
Second,Male,No,Adult,Few,Cheap,2,0,Southampton,32,73.5
Second,Male,No,Youth,Few,Cheap,2,0,Southampton,21,73.5
Second,Female,No,Teen,Few,Cheap,1,1,Southampton,18,13
Second,Female,Yes,Youth,Few,Cheap,2,1,Southampton,20,23
Second,Male,No,Youth,Few,Cheap,2,1,Southampton,23,11.5
Second,Male,No,Adult,None,Cheap,0,0,Southampton,36,13
Second,Female,Yes,Adult,Few,Cheap,1,3,Southampton,54,23
Second,Male,No,Adult,None,Cheap,0,0,Southampton,50,13
Second,Male,No,Adult,Few,Cheap,1,0,Southampton,44,26
Second,Female,Yes,Youth,Few,Cheap,1,0,Southampton,29,26
Second,Male,No,Youth,None,Cheap,0,0,Southampton,21,73.5
Second,Male,Yes,Adult,None,Cheap,0,0,Southampton,42,13
Second,Male,No,Adult,Few,Cheap,1,0,Southampton,63,26
Second,Female,No,Adult,Few,Cheap,1,0,Southampton,60,26
Second,Male,No,Adult,None,Cheap,0,0,Southampton,33,12.275
Second,Female,Yes,Teen,None,Cheap,0,0,Southampton,17,10.5
Second,Male,No,Adult,Few,Cheap,1,0,Southampton,42,27
Second,Female,Yes,Youth,Few,Cheap,2,1,Southampton,24,27
Second,Male,No,Adult,None,Cheap,0,0,Southampton,47,15
Second,Male,No,Youth,Few,Cheap,2,0,Southampton,24,31.5
Second,Male,No,Youth,Few,Cheap,2,0,Southampton,22,31.5
Second,Male,No,Adult,None,Cheap,0,0,Southampton,32,10.5
Second,Female,Yes,Youth,None,Cheap,0,0,Cherbourg,23,13.7917
Second,Male,No,Adult,Few,Cheap,1,0,Southampton,34,26
Second,Female,Yes,Youth,Few,Cheap,1,0,Southampton,24,26
Second,Female,No,Youth,None,Cheap,0,0,Southampton,22,21
Second,Female,Yes,Adult,None,Cheap,0,0,Queenstown,30,12.35
Second,Male,No,Adult,None,Cheap,0,0,Queenstown,35,12.35
Second,Female,Yes,Adult,None,Cheap,0,0,Southampton,45,13.5
Second,Male,No,Adult,None,Cheap,0,0,Queenstown,57,12.35
Second,Male,No,Adult,None,Cheap,0,0,Southampton,40,0
Second,Male,No,Adult,None,Cheap,0,0,Southampton,31,10.5
Second,Female,No,Youth,Few,Cheap,1,1,Southampton,26,26
Second,Male,No,Adult,Few,Cheap,1,1,Southampton,30,26
Second,Male,No,Adult,None,Cheap,0,0,Queenstown,35,10.7083
Second,Female,Yes,Baby,Few,Cheap,1,2,Cherbourg,1,41.5792
Second,Female,Yes,Child,Few,Cheap,1,2,Cherbourg,3,41.5792
Second,Male,No,Youth,Few,Cheap,1,2,Cherbourg,25,41.5792
Second,Female,Yes,Youth,Few,Cheap,1,2,Cherbourg,22,41.5792
Second,Female,Yes,Teen,None,Cheap,0,0,Cherbourg,17,12
Second,Female,Yes,Adult,None,Cheap,0,0,Southampton,30,33
Second,Female,Yes,Adult,None,Cheap,0,0,Southampton,34,10.5
Second,Male,No,Adult,None,Cheap,0,0,Cherbourg,36,12.875
Second,Male,No,Youth,None,Cheap,0,0,Southampton,24,10.5
Second,Male,No,Adult,None,Cheap,0,0,Queenstown,61,12.35
Second,Male,No,Adult,Few,Cheap,1,0,Southampton,50,26
Second,Female,Yes,Adult,Few,Cheap,1,0,Southampton,42,26
Second,Female,No,Adult,None,Cheap,0,0,Southampton,57,10.5
Second,Male,No,Adult,None,Cheap,0,0,Cherbourg,30,15.0458
Second,Male,Yes,Baby,Few,Cheap,0,2,Cherbourg,1,37.0042
Second,Male,No,Adult,Few,Cheap,1,1,Cherbourg,31,37.0042
Second,Female,Yes,Youth,Few,Cheap,1,1,Cherbourg,24,37.0042
Second,Male,No,Adult,None,Cheap,0,0,Cherbourg,30,15.5792
Second,Male,No,Adult,None,Cheap,0,0,Southampton,30,13
Second,Male,No,Adult,None,Cheap,0,0,Southampton,40,16
Second,Male,No,Adult,None,Cheap,0,0,Southampton,32,13.5
Second,Male,No,Adult,None,Cheap,0,0,Southampton,30,13
Second,Male,No,Adult,None,Cheap,0,0,Southampton,46,26
Second,Female,Yes,Teen,Few,Cheap,0,1,Southampton,13,19.5
Second,Female,Yes,Adult,Few,Cheap,0,1,Southampton,41,19.5
Second,Male,Yes,Youth,None,Cheap,0,0,Southampton,19,10.5
Second,Male,No,Adult,None,Cheap,0,0,Southampton,39,13
Second,Male,No,Adult,None,Cheap,0,0,Southampton,48,13
Second,Male,No,Senior,None,Cheap,0,0,Southampton,70,10.5
Second,Male,No,Youth,None,Cheap,0,0,Southampton,27,13
Second,Male,No,Adult,None,Cheap,0,0,Southampton,54,14
Second,Male,No,Adult,None,Cheap,0,0,Southampton,39,26
Second,Male,No,Teen,None,Cheap,0,0,Southampton,16,10.5
Second,Male,No,Adult,None,Cheap,0,0,Queenstown,62,9.6875
Second,Male,No,Adult,Few,Cheap,1,0,Cherbourg,32.5,30.0708
Second,Female,Yes,Teen,Few,Cheap,1,0,Cherbourg,14,30.0708
Second,Male,Yes,Child,Few,Cheap,1,1,Southampton,2,26
Second,Male,Yes,Child,Few,Cheap,1,1,Southampton,3,26
Second,Male,No,Adult,Few,Cheap,0,2,Southampton,36.5,26
Second,Male,No,Youth,None,Cheap,0,0,Southampton,26,13
Second,Male,No,Youth,Few,Cheap,1,1,Southampton,19,36.75
Second,Male,No,Youth,None,Cheap,0,0,Southampton,28,13.5
Second,Male,Yes,Youth,None,Cheap,0,0,Cherbourg,20,13.8625
Second,Female,Yes,Youth,None,Cheap,0,0,Southampton,29,10.5
Second,Male,No,Adult,None,Cheap,0,0,Southampton,39,13
Second,Male,Yes,Youth,None,Cheap,0,0,Southampton,22,10.5
Second,Male,Yes,Youth,None,Cheap,0,0,Cherbourg,28,13.8625
Second,Male,No,Youth,None,Cheap,0,0,Southampton,23,10.5
Second,Male,Yes,Youth,None,Cheap,0,0,Cherbourg,29,13.8583
Second,Male,No,Youth,None,Cheap,0,0,Southampton,28,10.5
Second,Male,No,Adult,None,Cheap,0,0,Southampton,37,0
Second,Female,Yes,Adult,Few,Cheap,0,1,Southampton,50,26
Second,Male,No,Youth,None,Cheap,0,0,Southampton,19,10.5
Second,Male,No,Adult,None,Cheap,0,0,Cherbourg,30,15.05
Second,Male,No,Adult,None,Cheap,0,0,Southampton,41,13
Second,Female,Yes,Youth,Few,Cheap,0,1,Southampton,21,21
Second,Female,Yes,Youth,None,Cheap,0,0,Southampton,19,26
Second,Male,No,Adult,Few,Cheap,0,1,Southampton,43,21
Second,Female,Yes,Adult,None,Cheap,0,0,Southampton,32,13
Second,Male,No,Adult,None,Cheap,0,0,Southampton,34,13
Second,Male,Yes,Adult,None,Cheap,0,0,Cherbourg,30,12.7375
Second,Male,No,Youth,None,Cheap,0,0,Cherbourg,27,15.0333
Second,Female,Yes,Child,Few,Cheap,1,1,Southampton,2,26
Second,Female,Yes,Child,Few,Cheap,1,1,Southampton,8,26
Second,Female,Yes,Adult,Few,Cheap,0,2,Southampton,33,26
Second,Male,No,Adult,None,Cheap,0,0,Southampton,36,10.5
Second,Male,No,Adult,Few,Cheap,1,0,Southampton,34,21
Second,Female,Yes,Adult,Few,Cheap,3,0,Southampton,30,21
Second,Female,Yes,Youth,None,Cheap,0,0,Southampton,28,13
Second,Male,No,Youth,None,Cheap,0,0,Cherbourg,23,15.0458
Second,Male,Yes,Baby,Few,Cheap,1,1,Southampton,0.8333,18.75
Second,Male,Yes,Child,Few,Cheap,1,1,Southampton,3,18.75
Second,Female,Yes,Youth,Many,Cheap,2,3,Southampton,24,18.75
Second,Female,Yes,Adult,None,Cheap,0,0,Southampton,50,10.5
Second,Male,No,Youth,None,Cheap,0,0,Southampton,19,10.5
Second,Female,Yes,Youth,None,Cheap,0,0,Southampton,21,10.5
Second,Male,No,Youth,None,Cheap,0,0,Southampton,26,13
Second,Male,No,Youth,None,Cheap,0,0,Southampton,25,13
Second,Male,No,Youth,None,Cheap,0,0,Southampton,27,26
Second,Female,Yes,Youth,Few,Cheap,0,1,Southampton,25,26
Second,Female,Yes,Teen,Few,Cheap,0,2,Southampton,18,13
Second,Female,Yes,Youth,None,Cheap,0,0,Southampton,20,36.75
Second,Female,Yes,Adult,None,Cheap,0,0,Southampton,30,13
Second,Male,No,Adult,None,Cheap,0,0,Southampton,59,13.5
Second,Female,Yes,Adult,None,Cheap,0,0,Queenstown,30,12.35
Second,Male,No,Adult,None,Cheap,0,0,Southampton,35,10.5
Second,Female,Yes,Adult,None,Cheap,0,0,Southampton,40,13
Second,Male,No,Youth,None,Cheap,0,0,Southampton,25,13
Second,Male,No,Adult,None,Cheap,0,0,Cherbourg,41,15.0458
Second,Male,No,Youth,None,Cheap,0,0,Southampton,25,10.5
Second,Male,No,Teen,None,Cheap,0,0,Southampton,18.5,13
Second,Male,No,Teen,None,Cheap,0,0,Southampton,14,65
Second,Female,Yes,Adult,None,Cheap,0,0,Southampton,50,10.5
Second,Male,No,Youth,None,Cheap,0,0,Southampton,23,13
Second,Female,Yes,Youth,None,Cheap,0,0,Southampton,28,12.65
Second,Female,Yes,Youth,None,Cheap,0,0,Southampton,27,10.5
Second,Male,No,Youth,Few,Cheap,1,0,Southampton,29,21
Second,Female,No,Youth,Few,Cheap,1,0,Southampton,27,21
Second,Male,No,Adult,None,Cheap,0,0,Southampton,40,13
Second,Female,Yes,Adult,None,Cheap,0,0,Southampton,31,21
Second,Male,No,Adult,Few,Cheap,1,0,Southampton,30,21
Second,Male,No,Youth,Few,Cheap,1,0,Southampton,23,10.5
Second,Female,Yes,Adult,None,Cheap,0,0,Southampton,31,21
Second,Male,No,Adult,None,Cheap,0,0,Southampton,39,0
Second,Female,Yes,Teen,None,Cheap,0,0,Southampton,12,15.75
Second,Female,Yes,Adult,None,Cheap,0,0,Southampton,40,15.75
Second,Female,Yes,Adult,None,Cheap,0,0,Southampton,32.5,13
Second,Male,No,Youth,Few,Cheap,1,0,Southampton,27,26
Second,Female,Yes,Youth,Few,Cheap,1,0,Southampton,29,26
Second,Male,Yes,Child,Few,Cheap,1,1,Southampton,2,23
Second,Female,Yes,Child,Few,Cheap,1,1,Southampton,4,23
Second,Female,Yes,Youth,Few,Cheap,0,2,Southampton,29,23
Second,Female,Yes,Baby,Few,Cheap,1,2,Southampton,0.9167,27.75
Second,Female,Yes,Child,Few,Cheap,1,2,Southampton,5,27.75
Second,Male,No,Adult,Few,Cheap,1,2,Southampton,36,27.75
Second,Female,Yes,Adult,Few,Cheap,1,2,Southampton,33,27.75
Second,Male,No,Senior,None,Cheap,0,0,Southampton,66,10.5
Second,Male,No,Adult,None,Cheap,0,0,Southampton,30,12.875
Second,Male,Yes,Adult,None,Cheap,0,0,Southampton,31,13
Second,Male,Yes,Adult,None,Cheap,0,0,Southampton,31,13
Second,Female,Yes,Youth,None,Cheap,0,0,Southampton,26,13.5
Second,Female,No,Youth,None,Cheap,0,0,Southampton,24,13
Third,Male,No,Adult,None,Cheap,0,0,Southampton,42,7.55
Third,Male,No,Teen,Few,Cheap,0,2,Southampton,13,20.25
Third,Male,No,Teen,Few,Cheap,1,1,Southampton,16,20.25
Third,Female,Yes,Adult,Few,Cheap,1,1,Southampton,35,20.25
Third,Female,Yes,Teen,None,Cheap,0,0,Southampton,16,7.65
Third,Male,Yes,Youth,None,Cheap,0,0,Southampton,25,7.65
Third,Male,Yes,Youth,None,Cheap,0,0,Southampton,20,7.925
Third,Female,Yes,Teen,None,Cheap,0,0,Cherbourg,18,7.2292
Third,Male,No,Adult,None,Cheap,0,0,Southampton,30,7.25
Third,Male,No,Youth,None,Cheap,0,0,Southampton,26,8.05
Third,Female,No,Adult,Few,Cheap,1,0,Southampton,40,9.475
Third,Male,Yes,Baby,Few,Cheap,0,1,Southampton,0.8333,9.35
Third,Female,Yes,Teen,Few,Cheap,0,1,Southampton,18,9.35
Third,Male,Yes,Youth,None,Cheap,0,0,Cherbourg,26,18.7875
Third,Male,No,Youth,None,Cheap,0,0,Southampton,26,7.8875
Third,Male,No,Youth,None,Cheap,0,0,Southampton,20,7.925
Third,Male,No,Youth,None,Cheap,0,0,Southampton,24,7.05
Third,Male,No,Youth,None,Cheap,0,0,Southampton,25,7.05
Third,Male,No,Adult,None,Cheap,0,0,Southampton,35,8.05
Third,Male,No,Teen,None,Cheap,0,0,Southampton,18,8.3
Third,Male,No,Adult,None,Cheap,0,0,Southampton,32,22.525
Third,Female,Yes,Youth,Few,Cheap,1,0,Southampton,19,7.8542
Third,Male,No,Child,Many,Cheap,4,2,Southampton,4,31.275
Third,Female,No,Child,Many,Cheap,4,2,Southampton,6,31.275
Third,Female,No,Child,Many,Cheap,4,2,Southampton,2,31.275
Third,Female,Yes,Teen,Many,Cheap,4,2,Southampton,17,7.925
Third,Female,No,Adult,Many,Cheap,4,2,Southampton,38,7.775
Third,Female,No,Child,Many,Cheap,4,2,Southampton,9,31.275
Third,Female,No,Child,Many,Cheap,4,2,Southampton,11,31.275
Third,Male,No,Adult,Many,Cheap,1,5,Southampton,39,31.275
Third,Male,Yes,Youth,None,Cheap,0,0,Southampton,27,7.7958
Third,Male,No,Youth,None,Cheap,0,0,Southampton,26,7.775
Third,Female,No,Adult,Many,Cheap,1,5,Southampton,39,31.275
Third,Male,No,Youth,None,Cheap,0,0,Southampton,20,7.8542
Third,Male,No,Youth,None,Cheap,0,0,Southampton,26,7.8958
Third,Male,No,Youth,Few,Cheap,1,0,Southampton,25,17.8
Third,Female,No,Teen,Few,Cheap,1,0,Southampton,18,17.8
Third,Male,No,Youth,None,Cheap,0,0,Southampton,24,7.775
Third,Male,No,Adult,None,Cheap,0,0,Southampton,35,7.05
Third,Male,No,Child,Many,Cheap,4,2,Southampton,5,31.3875
Third,Male,No,Child,Many,Cheap,4,2,Southampton,9,31.3875
Third,Male,Yes,Child,Many,Cheap,4,2,Southampton,3,31.3875
Third,Male,No,Teen,Many,Cheap,4,2,Southampton,13,31.3875
Third,Female,Yes,Child,Many,Cheap,4,2,Southampton,5,31.3875
Third,Male,No,Adult,Many,Cheap,1,5,Southampton,40,31.3875
Third,Male,Yes,Youth,None,Cheap,0,0,Southampton,23,7.7958
Third,Female,Yes,Adult,Many,Cheap,1,5,Southampton,38,31.3875
Third,Female,Yes,Adult,None,Cheap,0,0,Cherbourg,45,7.225
Third,Male,No,Youth,None,Cheap,0,0,Cherbourg,21,7.225
Third,Male,No,Youth,None,Cheap,0,0,Southampton,23,7.05
Third,Female,No,Teen,None,Cheap,0,0,Cherbourg,17,14.4583
Third,Male,No,Adult,None,Cheap,0,0,Cherbourg,30,7.225
Third,Male,No,Youth,None,Cheap,0,0,Southampton,23,7.8542
Third,Female,Yes,Teen,None,Cheap,0,0,Cherbourg,13,7.2292
Third,Male,No,Youth,None,Cheap,0,0,Cherbourg,20,7.225
Third,Male,No,Adult,Few,Cheap,1,0,Southampton,32,15.85
Third,Female,Yes,Adult,Few,Cheap,3,0,Southampton,33,15.85
Third,Female,Yes,Baby,Few,Cheap,2,1,Cherbourg,0.75,19.2583
Third,Female,Yes,Baby,Few,Cheap,2,1,Cherbourg,0.75,19.2583
Third,Female,Yes,Child,Few,Cheap,2,1,Cherbourg,5,19.2583
Third,Female,Yes,Youth,Few,Cheap,0,3,Cherbourg,24,19.2583
Third,Female,Yes,Teen,None,Cheap,0,0,Southampton,18,8.05
Third,Male,No,Adult,None,Cheap,0,0,Cherbourg,40,7.225
Third,Male,No,Youth,None,Cheap,0,0,Southampton,26,7.8958
Third,Male,Yes,Youth,None,Cheap,0,0,Cherbourg,20,7.2292
Third,Female,No,Teen,Few,Cheap,0,1,Cherbourg,18,14.4542
Third,Female,No,Adult,Few,Cheap,0,1,Cherbourg,45,14.4542
Third,Female,No,Youth,None,Cheap,0,0,Queenstown,27,7.8792
Third,Male,No,Youth,None,Cheap,0,0,Southampton,22,8.05
Third,Male,No,Youth,None,Cheap,0,0,Southampton,19,8.05
Third,Male,No,Youth,None,Cheap,0,0,Southampton,26,7.775
Third,Male,No,Youth,None,Cheap,0,0,Southampton,22,9.35
Third,Male,No,Youth,None,Cheap,0,0,Cherbourg,20,7.2292
Third,Male,No,Youth,None,Cheap,0,0,Cherbourg,20,4.0125
Third,Male,Yes,Adult,None,Cheap,0,0,Southampton,32,56.4958
Third,Male,No,Youth,None,Cheap,0,0,Southampton,21,7.775
Third,Male,No,Teen,None,Cheap,0,0,Southampton,18,7.75
Third,Male,No,Youth,None,Cheap,0,0,Southampton,26,7.8958
Third,Male,No,Child,Few,Cheap,1,1,Cherbourg,6,15.2458
Third,Female,No,Child,Few,Cheap,1,1,Cherbourg,9,15.2458
Third,Male,No,Youth,None,Cheap,0,0,Cherbourg,20,7.225
Third,Female,No,Adult,Few,Cheap,0,2,Cherbourg,30,15.2458
Third,Female,No,Teen,Few,Cheap,0,2,Queenstown,18,7.75
Third,Male,No,Adult,Few,Cheap,1,1,Queenstown,40,15.5
Third,Female,No,Adult,Few,Cheap,1,1,Queenstown,32,15.5
Third,Male,No,Youth,None,Cheap,0,0,Southampton,21,16.1
Third,Female,Yes,Youth,None,Cheap,0,0,Queenstown,22,7.725
Third,Female,No,Youth,None,Cheap,0,0,Southampton,20,7.8542
Third,Male,No,Youth,Few,Cheap,1,0,Southampton,29,7.0458
Third,Male,No,Youth,Few,Cheap,1,0,Southampton,22,7.25
Third,Male,No,Youth,None,Cheap,0,0,Southampton,22,7.7958
Third,Male,No,Adult,None,Cheap,0,0,Southampton,35,8.05
Third,Female,No,Teen,None,Cheap,0,0,Queenstown,18.5,7.2833
Third,Male,Yes,Youth,None,Cheap,0,0,Queenstown,21,7.8208
Third,Male,No,Youth,None,Cheap,0,0,Queenstown,19,6.75
Third,Female,No,Teen,None,Cheap,0,0,Queenstown,18,7.8792
Third,Female,No,Youth,None,Cheap,0,0,Southampton,21,8.6625
Third,Female,No,Adult,None,Cheap,0,0,Southampton,30,8.6625
Third,Male,No,Teen,None,Cheap,0,0,Southampton,18,8.6625
Third,Male,No,Adult,None,Cheap,0,0,Southampton,38,8.6625
Third,Male,No,Teen,None,Cheap,0,0,Southampton,17,8.6625
Third,Male,No,Teen,None,Cheap,0,0,Southampton,17,8.6625
Third,Female,No,Youth,None,Cheap,0,0,Queenstown,21,7.75
Third,Male,No,Youth,None,Cheap,0,0,Queenstown,21,7.75
Third,Male,No,Youth,None,Cheap,0,0,Southampton,21,8.05
Third,Male,No,Youth,Few,Cheap,1,0,Cherbourg,27,14.4583
Third,Female,No,Youth,Few,Cheap,1,0,Cherbourg,23,14.4583
Third,Male,No,Youth,None,Cheap,0,0,Southampton,28,7.7958
Third,Male,No,Youth,None,Cheap,0,0,Southampton,24,7.8542
Third,Female,Yes,Teen,None,Cheap,0,0,Queenstown,16,7.75
Third,Female,No,Adult,None,Cheap,0,0,Queenstown,37,7.75
Third,Male,No,Youth,None,Cheap,0,0,Southampton,28,7.25
Third,Male,No,Youth,None,Cheap,0,0,Southampton,24,8.05
Third,Male,No,Youth,None,Cheap,0,0,Queenstown,21,7.7333
Third,Male,Yes,Adult,None,Cheap,0,0,Southampton,32,56.4958
Third,Male,No,Youth,None,Cheap,0,0,Southampton,29,8.05
Third,Male,No,Youth,Few,Cheap,1,0,Cherbourg,26,14.4542
Third,Male,No,Teen,Few,Cheap,1,0,Cherbourg,18,14.4542
Third,Male,No,Youth,None,Cheap,0,0,Southampton,20,7.05
Third,Male,Yes,Teen,None,Cheap,0,0,Southampton,18,8.05
Third,Male,No,Youth,None,Cheap,0,0,Queenstown,24,7.25
Third,Male,No,Adult,None,Cheap,0,0,Southampton,36,7.4958
Third,Male,No,Youth,None,Cheap,0,0,Southampton,24,7.4958
Third,Male,No,Adult,None,Cheap,0,0,Queenstown,31,7.7333
Third,Male,No,Adult,None,Cheap,0,0,Queenstown,31,7.75
Third,Female,Yes,Youth,None,Cheap,0,0,Queenstown,22,7.75
Third,Female,No,Adult,None,Cheap,0,0,Queenstown,30,7.6292
Third,Male,No,Senior,None,Cheap,0,0,Queenstown,70.5,7.75
Third,Male,No,Adult,None,Cheap,0,0,Southampton,43,8.05
Third,Male,No,Adult,None,Cheap,0,0,Southampton,35,7.8958
Third,Male,No,Youth,None,Cheap,0,0,Southampton,27,7.8958
Third,Male,No,Youth,None,Cheap,0,0,Southampton,19,7.8958
Third,Male,No,Adult,None,Cheap,0,0,Southampton,30,8.05
Third,Male,Yes,Child,Few,Cheap,1,1,Southampton,9,15.9
Third,Male,Yes,Child,Few,Cheap,1,1,Southampton,3,15.9
Third,Female,Yes,Adult,Few,Cheap,0,2,Southampton,36,15.9
Third,Male,No,Adult,None,Cheap,0,0,Southampton,59,7.25
Third,Male,No,Youth,None,Cheap,0,0,Southampton,19,8.1583
Third,Female,Yes,Teen,Few,Cheap,0,1,Southampton,17,16.1
Third,Male,No,Adult,Few,Cheap,0,1,Southampton,44,16.1
Third,Male,No,Teen,None,Cheap,0,0,Southampton,17,8.6625
Third,Male,No,Youth,None,Cheap,0,0,Cherbourg,22.5,7.225
Third,Male,Yes,Adult,None,Cheap,0,0,Southampton,45,8.05
Third,Female,No,Youth,None,Cheap,0,0,Southampton,22,10.5167
Third,Male,No,Youth,None,Cheap,0,0,Southampton,19,10.1708
Third,Female,Yes,Adult,None,Cheap,0,0,Queenstown,30,6.95
Third,Male,Yes,Youth,None,Cheap,0,0,Queenstown,29,7.75
Third,Male,No,Baby,Few,Cheap,0,2,Southampton,0.3333,14.4
Third,Male,No,Adult,Few,Cheap,1,1,Southampton,34,14.4
Third,Female,No,Youth,Few,Cheap,1,1,Southampton,28,14.4
Third,Male,No,Youth,None,Cheap,0,0,Southampton,27,7.8958
Third,Male,No,Youth,None,Cheap,0,0,Southampton,25,7.8958
Third,Male,No,Youth,Few,Cheap,2,0,Southampton,24,24.15
Third,Male,No,Youth,None,Cheap,0,0,Southampton,22,8.05
Third,Male,No,Youth,Few,Cheap,2,0,Southampton,21,24.15
Third,Male,No,Teen,Few,Cheap,2,0,Southampton,17,8.05
Third,Male,No,Adult,Few,Cheap,1,0,Southampton,32,16.1
Third,Female,Yes,Youth,Few,Cheap,1,0,Southampton,26,16.1
Third,Male,Yes,Adult,Few,Cheap,1,0,Southampton,36.5,17.4
Third,Female,Yes,Adult,Few,Cheap,1,0,Southampton,36,17.4
Third,Male,Yes,Adult,None,Cheap,0,0,Southampton,30,9.5
Third,Male,No,Teen,None,Cheap,0,0,Southampton,16,9.5
Third,Male,Yes,Baby,Few,Cheap,1,2,Southampton,1,20.575
Third,Female,Yes,Baby,Few,Cheap,1,2,Southampton,0.1667,20.575
Third,Male,No,Youth,Few,Cheap,1,2,Southampton,26,20.575
Third,Female,Yes,Adult,Few,Cheap,1,2,Southampton,33,20.575
Third,Male,No,Youth,None,Cheap,0,0,Southampton,25,7.8958
Third,Male,No,Youth,None,Cheap,0,0,Southampton,25,7.8958
Third,Male,No,Youth,None,Cheap,0,0,Southampton,26,7.8958
Third,Male,No,Youth,None,Cheap,0,0,Southampton,22,7.25
Third,Male,No,Adult,None,Cheap,0,0,Southampton,36,7.25
Third,Female,Yes,Youth,None,Cheap,0,0,Queenstown,19,7.8792
Third,Male,No,Teen,None,Cheap,0,0,Southampton,17,7.8958
Third,Male,No,Adult,None,Cheap,0,0,Southampton,42,8.6625
Third,Male,No,Adult,None,Cheap,0,0,Southampton,43,7.8958
Third,Male,No,Teen,None,Cheap,0,0,Cherbourg,17,7.2292
Third,Male,No,Adult,None,Cheap,0,0,Queenstown,32,7.75
Third,Male,Yes,Youth,None,Cheap,0,0,Southampton,19,8.05
Third,Female,Yes,Adult,None,Cheap,0,0,Southampton,30,12.475
Third,Female,No,Youth,None,Cheap,0,0,Queenstown,24,7.75
Third,Female,Yes,Youth,None,Cheap,0,0,Southampton,23,8.05
Third,Male,No,Adult,None,Cheap,0,0,Cherbourg,33,7.8958
Third,Male,No,Adult,None,Cheap,0,0,Queenstown,65,7.75
Third,Male,Yes,Youth,None,Cheap,0,0,Southampton,24,7.55
Third,Male,No,Youth,Few,Cheap,1,0,Southampton,23,13.9
Third,Female,Yes,Youth,Few,Cheap,1,0,Southampton,22,13.9
Third,Male,No,Teen,None,Cheap,0,0,Southampton,18,7.775
Third,Male,No,Teen,None,Cheap,0,0,Southampton,16,7.775
Third,Male,No,Adult,None,Cheap,0,0,Southampton,45,6.975
Third,Male,No,Youth,None,Cheap,0,0,Cherbourg,26,7.225
Third,Male,No,Adult,Few,Cheap,0,2,Cherbourg,39,7.2292
Third,Male,No,Teen,Few,Cheap,1,1,Cherbourg,17,7.2292
Third,Male,No,Teen,Few,Cheap,1,1,Cherbourg,15,7.2292
Third,Male,No,Adult,None,Cheap,0,0,Southampton,47,7.25
Third,Female,Yes,Child,None,Cheap,0,0,Southampton,5,12.475
Third,Male,No,Adult,None,Cheap,0,0,Cherbourg,35,7.225
Third,Male,No,Adult,None,Cheap,0,0,Southampton,40.5,15.1
Third,Male,No,Adult,None,Cheap,0,0,Queenstown,40.5,7.75
Third,Male,Yes,Youth,None,Cheap,0,0,Southampton,23,7.05
Third,Male,No,Teen,None,Cheap,0,0,Southampton,18,7.7958
Third,Female,No,Youth,None,Cheap,0,0,Queenstown,23,7.75
Third,Male,No,Youth,None,Cheap,0,0,Queenstown,22,7.75
Third,Male,No,Adult,None,Cheap,0,0,Queenstown,34,6.95
Third,Male,No,Youth,None,Cheap,0,0,Queenstown,26,7.8792
Third,Male,No,Adult,None,Cheap,0,0,Queenstown,37,7.75
Third,Male,Yes,Adult,None,Cheap,0,0,Southampton,32,56.4958
Third,Female,No,Youth,Few,Cheap,2,2,Southampton,21,34.375
Third,Female,No,Child,Few,Cheap,2,2,Southampton,9,34.375
Third,Male,No,Teen,None,Cheap,0,0,Southampton,18,8.05
Third,Male,No,Teen,Few,Cheap,2,2,Southampton,18,34.375
Third,Male,No,Teen,Few,Cheap,1,3,Southampton,16,34.375
Third,Female,No,Adult,Few,Cheap,1,3,Southampton,48,34.375
Third,Male,No,Adult,None,Cheap,0,0,Queenstown,38,7.75
Third,Male,No,Youth,None,Cheap,0,0,Southampton,22,7.25
Third,Male,No,Youth,None,Cheap,0,0,Queenstown,25,7.7417
Third,Male,No,Youth,None,Cheap,0,0,Southampton,24,14.5
Third,Male,No,Adult,None,Cheap,0,0,Cherbourg,30,7.8958
Third,Male,No,Youth,None,Cheap,0,0,Southampton,22,8.05
Third,Female,Yes,Teen,None,Cheap,0,0,Queenstown,16,7.7333
Third,Female,Yes,Youth,None,Cheap,0,0,Queenstown,25,7.75
Third,Male,Yes,Child,Few,Cheap,0,2,Southampton,9,20.525
Third,Male,No,Adult,Few,Cheap,1,1,Southampton,33,20.525
Third,Male,No,Adult,None,Cheap,0,0,Southampton,41,7.85
Third,Female,Yes,Adult,Few,Cheap,1,1,Southampton,31,20.525
Third,Male,No,Adult,None,Cheap,0,0,Southampton,38,7.05
Third,Male,No,Child,Many,Cheap,5,2,Southampton,9,46.9
Third,Male,No,Baby,Many,Cheap,5,2,Southampton,1,46.9
Third,Male,No,Child,Many,Cheap,5,2,Southampton,11,46.9
Third,Female,No,Child,Many,Cheap,5,2,Southampton,10,46.9
Third,Female,No,Teen,Many,Cheap,5,2,Southampton,16,46.9
Third,Male,No,Teen,Many,Cheap,5,2,Southampton,14,46.9
Third,Male,No,Adult,Many,Cheap,1,6,Southampton,40,46.9
Third,Female,No,Adult,Many,Cheap,1,6,Southampton,43,46.9
Third,Male,No,Adult,None,Cheap,0,0,Southampton,51,8.05
Third,Male,No,Adult,None,Cheap,0,0,Southampton,32,8.3625
Third,Male,No,Youth,None,Cheap,0,0,Southampton,25,8.05
Third,Male,No,Youth,None,Cheap,0,0,Southampton,20,9.8458
Third,Male,No,Adult,Few,Cheap,2,0,Southampton,37,7.925
Third,Male,No,Youth,Few,Cheap,2,0,Southampton,28,7.925
Third,Male,No,Youth,None,Cheap,0,0,Southampton,19,7.775
Third,Female,No,Youth,None,Cheap,0,0,Southampton,24,8.85
Third,Female,No,Teen,None,Cheap,0,0,Queenstown,17,7.7333
Third,Male,No,Youth,Few,Cheap,1,0,Southampton,28,19.9667
Third,Male,No,Youth,Few,Cheap,1,0,Southampton,27,19.9667
Third,Male,No,Youth,Few,Cheap,1,0,Southampton,28,15.85
Third,Female,Yes,Youth,Few,Cheap,1,0,Southampton,24,15.85
Third,Male,No,Youth,None,Cheap,0,0,Southampton,20,9.5
Third,Male,No,Youth,None,Cheap,0,0,Cherbourg,23.5,7.2292
Third,Male,No,Adult,Few,Cheap,2,0,Southampton,41,14.1083
Third,Male,No,Youth,Few,Cheap,1,0,Southampton,26,7.8542
Third,Male,No,Youth,None,Cheap,0,0,Southampton,21,7.8542
Third,Female,Yes,Adult,Few,Cheap,1,0,Southampton,45,14.1083
Third,Female,No,Youth,None,Cheap,0,0,Southampton,29,7.55
Third,Male,No,Youth,None,Cheap,0,0,Southampton,25,7.25
Third,Male,No,Youth,None,Cheap,0,0,Queenstown,27,6.8583
Third,Male,No,Child,None,Cheap,0,0,Cherbourg,11,18.7875
Third,Female,Yes,Youth,None,Cheap,0,0,Queenstown,26,7.75
Third,Male,Yes,Youth,None,Cheap,0,0,Southampton,27,6.975
Third,Male,Yes,Adult,None,Cheap,0,0,Southampton,30,56.4958
Third,Female,No,Teen,None,Cheap,0,0,Queenstown,18,6.75
Third,Female,Yes,Youth,None,Cheap,0,0,Southampton,26,7.925
Third,Female,No,Youth,None,Cheap,0,0,Southampton,23,7.925
Third,Female,Yes,Youth,None,Cheap,0,0,Southampton,22,8.9625
Third,Male,No,Youth,None,Cheap,0,0,Southampton,28,7.8958
Third,Female,No,Youth,None,Cheap,0,0,Southampton,28,7.775
Third,Female,No,Youth,None,Cheap,0,0,Queenstown,27,7.75
Third,Female,Yes,Child,Few,Cheap,0,1,Southampton,2,12.2875
Third,Female,Yes,Youth,Few,Cheap,1,1,Southampton,22,12.2875
Third,Male,No,Adult,None,Cheap,0,0,Southampton,43,6.45
Third,Male,No,Youth,None,Cheap,0,0,Southampton,28,22.525
Third,Female,Yes,Youth,None,Cheap,0,0,Southampton,27,7.925
Third,Male,No,Youth,None,Cheap,0,0,Queenstown,25,7.75
Third,Female,Yes,Youth,None,Cheap,0,0,Southampton,24,8.05
Third,Male,No,Adult,None,Cheap,0,0,Southampton,42,7.65
Third,Male,Yes,Adult,None,Cheap,0,0,Southampton,32,7.8875
Third,Male,No,Adult,None,Cheap,0,0,Cherbourg,30,7.2292
Third,Male,No,Youth,None,Cheap,0,0,Southampton,27,7.8958
Third,Female,No,Youth,Few,Cheap,1,0,Southampton,27,7.925
Third,Female,No,Youth,Few,Cheap,1,0,Southampton,25,7.925
Third,Male,No,Youth,None,Cheap,0,0,Southampton,24,7.8958
Third,Male,Yes,Youth,None,Cheap,0,0,Cherbourg,29,7.8958
Third,Male,Yes,Youth,None,Cheap,0,0,Southampton,21,7.7958
Third,Male,No,Youth,None,Cheap,0,0,Southampton,28,7.05
Third,Male,No,Youth,None,Cheap,0,0,Southampton,20,7.8542
Third,Male,No,Adult,None,Cheap,0,0,Southampton,48,7.8542
Third,Male,No,Teen,Few,Cheap,1,0,Southampton,17,7.0542
Third,Female,Yes,Youth,None,Cheap,0,0,Queenstown,26,7.75
Third,Male,Yes,Youth,None,Cheap,0,0,Southampton,28,8.1125
Third,Male,No,Adult,None,Cheap,0,0,Southampton,34,6.4958
Third,Male,Yes,Youth,None,Cheap,0,0,Southampton,26,7.775
Third,Male,No,Youth,None,Cheap,0,0,Southampton,22,7.7958
Third,Male,No,Adult,None,Cheap,0,0,Southampton,33,8.6542
Third,Male,No,Adult,None,Cheap,0,0,Southampton,31,7.775
Third,Male,No,Youth,None,Cheap,0,0,Southampton,29,7.8542
Third,Male,Yes,Child,Few,Cheap,1,1,Southampton,4,11.1333
Third,Female,Yes,Baby,Few,Cheap,1,1,Southampton,1,11.1333
Third,Male,No,Adult,None,Cheap,0,0,Southampton,49,0
Third,Male,No,Adult,None,Cheap,0,0,Southampton,33,7.775
Third,Male,No,Youth,None,Cheap,0,0,Southampton,19,0
Third,Female,Yes,Youth,Few,Cheap,0,2,Southampton,27,11.1333
Third,Male,No,Teen,Few,Cheap,1,2,Southampton,18,23.45
Third,Female,No,Teen,Few,Cheap,1,2,Southampton,17,23.45
Third,Male,No,Youth,Few,Cheap,1,2,Southampton,28,23.45
Third,Female,No,Adult,Few,Cheap,1,2,Southampton,35,23.45
Third,Male,No,Youth,None,Cheap,0,0,Southampton,23,7.8958
Third,Male,Yes,Adult,None,Cheap,0,0,Southampton,32,7.8542
Third,Male,No,Youth,None,Cheap,0,0,Southampton,27,7.8542
Third,Female,No,Youth,Few,Cheap,1,0,Southampton,20,9.825
Third,Female,No,Youth,Few,Cheap,1,0,Southampton,21,9.825
Third,Male,Yes,Adult,None,Cheap,0,0,Southampton,32,7.925
Third,Male,No,Teen,None,Cheap,0,0,Southampton,17,7.125
Third,Male,No,Youth,None,Cheap,0,0,Southampton,21,8.4333
Third,Male,No,Adult,None,Cheap,0,0,Southampton,30,7.8958
Third,Male,Yes,Youth,None,Cheap,0,0,Southampton,21,7.7958
Third,Male,No,Adult,None,Cheap,0,0,Southampton,33,7.8542
Third,Male,No,Youth,None,Cheap,0,0,Southampton,22,7.5208
Third,Female,Yes,Child,Few,Cheap,0,1,Cherbourg,4,13.4167
Third,Male,Yes,Adult,Few,Cheap,0,1,Cherbourg,39,13.4167
Third,Male,No,Youth,None,Cheap,0,0,Cherbourg,21,7.2292
Third,Male,No,Teen,None,Cheap,0,0,Cherbourg,18.5,7.2292
Third,Male,No,Youth,None,Cheap,0,0,Queenstown,24,7.75
Third,Male,No,Youth,None,Cheap,0,0,Southampton,27,7.25
Third,Female,Yes,Youth,None,Cheap,0,0,Queenstown,26,7.75
Third,Female,Yes,Youth,None,Cheap,0,0,Queenstown,24,7.75
Third,Male,No,Adult,None,Cheap,0,0,Queenstown,34.5,7.8292
Third,Male,No,Adult,None,Cheap,0,0,Southampton,44,8.05
Third,Male,Yes,Youth,None,Cheap,0,0,Queenstown,25,7.75
Third,Male,No,Youth,Few,Cheap,1,0,Cherbourg,26,14.4542
Third,Female,No,Youth,Few,Cheap,1,0,Cherbourg,22,14.4542
Third,Male,No,Youth,Few,Cheap,1,0,Queenstown,25,7.75
Third,Male,No,Youth,Few,Cheap,1,0,Queenstown,25,7.75
Third,Male,No,Youth,None,Cheap,0,0,Queenstown,26,7.7375
Third,Female,No,Youth,Few,Cheap,2,0,Southampton,22,8.6625
Third,Male,No,Youth,Few,Cheap,2,0,Southampton,26,8.6625
Third,Female,Yes,Child,Few,Cheap,0,2,Southampton,4,22.025
Third,Male,Yes,Youth,Few,Cheap,3,1,Southampton,29,22.025
Third,Female,Yes,Youth,Few,Cheap,1,1,Southampton,26,22.025
Third,Female,No,Baby,Few,Cheap,1,1,Southampton,1,12.1833
Third,Male,No,Teen,Few,Cheap,1,1,Southampton,18,7.8542
Third,Female,No,Adult,Few,Cheap,0,2,Southampton,36,12.1833
Third,Male,No,Youth,None,Cheap,0,0,Cherbourg,25,7.8958
Third,Male,Yes,Youth,None,Cheap,0,0,Cherbourg,25,7.2292
Third,Male,No,Youth,None,Cheap,0,0,Cherbourg,26,7.225
Third,Female,No,Adult,None,Cheap,0,0,Southampton,37,9.5875
Third,Male,No,Youth,None,Cheap,0,0,Southampton,28,7.8958
Third,Male,Yes,Adult,None,Cheap,0,0,Southampton,33,56.4958
Third,Male,No,Adult,None,Cheap,0,0,Southampton,32,56.4958
Third,Female,Yes,Youth,None,Cheap,0,0,Southampton,22,7.25
Third,Male,No,Youth,None,Cheap,0,0,Queenstown,26,7.75
Third,Male,Yes,Youth,None,Cheap,0,0,Southampton,26,56.4958
Third,Male,No,Youth,None,Cheap,0,0,Southampton,29,9.4833
Third,Male,No,Youth,None,Cheap,0,0,Southampton,29,7.775
Third,Male,No,Youth,None,Cheap,0,0,Southampton,22,7.775
Third,Male,Yes,Youth,None,Cheap,0,0,Cherbourg,22,7.225
Third,Male,No,Teen,Few,Cheap,3,1,Southampton,17,25.4667
Third,Female,No,Teen,Few,Cheap,3,1,Southampton,16,25.4667
Third,Female,No,Youth,Few,Cheap,3,1,Southampton,20,25.4667
Third,Female,No,Youth,Few,Cheap,3,1,Southampton,22,25.4667
Third,Female,No,Youth,Few,Cheap,0,4,Southampton,29,25.4667
Third,Male,No,Adult,None,Cheap,0,0,Southampton,32,7.925
Third,Male,No,Adult,None,Cheap,0,0,Cherbourg,34.5,6.4375
Third,Female,No,Youth,Few,Cheap,1,0,Queenstown,26,15.5
Third,Male,No,Youth,Few,Cheap,1,0,Queenstown,25,15.5
Third,Male,No,Adult,None,Cheap,0,0,Southampton,36,0
Third,Male,No,Adult,None,Cheap,0,0,Southampton,39,24.15
Third,Male,No,Youth,None,Cheap,0,0,Southampton,24,9.5
Third,Female,No,Youth,None,Cheap,0,0,Southampton,25,7.775
Third,Female,No,Adult,None,Cheap,0,0,Southampton,45,7.75
Third,Male,No,Adult,Few,Cheap,1,0,Southampton,36,15.55
Third,Female,No,Adult,Few,Cheap,1,0,Southampton,30,15.55
Third,Male,Yes,Youth,Few,Cheap,1,0,Southampton,20,7.925
Third,Male,No,Youth,None,Cheap,0,0,Queenstown,25,7.8792
Third,Male,No,Youth,None,Cheap,0,0,Southampton,28,56.4958
Third,Male,No,Youth,None,Cheap,0,0,Southampton,28,7.55
Third,Male,No,Adult,Few,Cheap,1,0,Southampton,30,16.1
Third,Female,No,Youth,Few,Cheap,1,0,Southampton,26,16.1
Third,Male,No,Youth,None,Cheap,0,0,Southampton,25,7.8792
Third,Male,No,Youth,None,Cheap,0,0,Southampton,20.5,7.25
Third,Male,Yes,Youth,None,Cheap,0,0,Southampton,27,8.6625
Third,Male,No,Adult,None,Cheap,0,0,Southampton,51,7.0542
Third,Female,Yes,Youth,None,Cheap,0,0,Southampton,23,7.8542
Third,Male,Yes,Adult,None,Cheap,0,0,Southampton,32,7.5792
Third,Male,No,Youth,None,Cheap,0,0,Southampton,24,7.8958
Third,Male,No,Adult,None,Cheap,0,0,Southampton,32,7.55
Third,Female,Yes,Youth,None,Cheap,0,0,Queenstown,25,7.75
Third,Male,Yes,Youth,None,Cheap,0,0,Southampton,24,7.1417
Third,Male,No,Youth,None,Cheap,0,0,Southampton,22,7.125
Third,Female,No,Youth,None,Cheap,0,0,Queenstown,24,7.8792
Third,Male,No,Youth,None,Cheap,0,0,Queenstown,26,7.75
Third,Male,No,Youth,None,Cheap,0,0,Southampton,26,8.05
Third,Male,No,Youth,None,Cheap,0,0,Southampton,29,7.925
Third,Male,Yes,Adult,None,Cheap,0,0,Cherbourg,34,7.2292
Third,Female,No,Adult,None,Cheap,0,0,Queenstown,30.5,7.75
Third,Female,Yes,Youth,None,Cheap,0,0,Queenstown,26,7.7375
Third,Male,No,Youth,None,Cheap,0,0,Cherbourg,26,7.2292
Third,Male,No,Adult,None,Cheap,0,0,Cherbourg,35,7.8958
Third,Male,No,Adult,None,Cheap,0,0,Southampton,33,7.8958
Third,Female,Yes,Youth,None,Cheap,0,0,Cherbourg,27,7.225
Third,Male,No,Youth,None,Cheap,0,0,Cherbourg,25,7.8958
Third,Female,Yes,Youth,None,Cheap,0,0,Queenstown,25,7.75
Third,Male,Yes,Adult,None,Cheap,0,0,Queenstown,38,7.75
Third,Female,Yes,Youth,Few,Cheap,2,0,Queenstown,25,23.25
Third,Female,Yes,Youth,Few,Cheap,2,0,Queenstown,24,23.25
Third,Male,Yes,Adult,Few,Cheap,2,0,Queenstown,30,23.25
Third,Female,Yes,Youth,None,Cheap,0,0,Queenstown,25,7.7875
Third,Male,No,Youth,None,Cheap,0,0,Queenstown,24,15.5
Third,Female,Yes,Teen,None,Cheap,0,0,Queenstown,18,7.8792
Third,Female,Yes,Teen,None,Cheap,0,0,Queenstown,15,8.0292
Third,Female,No,Adult,None,Cheap,0,0,Queenstown,35,7.75
Third,Male,No,Youth,None,Cheap,0,0,Queenstown,24,7.75
Third,Male,No,Youth,Few,Cheap,1,0,Southampton,24,16.1
Third,Female,No,Youth,Few,Cheap,1,0,Southampton,19,16.1
Third,Female,No,Youth,None,Cheap,0,0,Queenstown,25,7.75
Third,Female,No,Youth,None,Cheap,0,0,Southampton,24,8.05
Third,Female,No,Youth,None,Cheap,0,0,Southampton,27,8.05
Third,Male,No,Adult,None,Cheap,0,0,Southampton,55.5,8.05
Third,Male,No,Youth,None,Cheap,0,0,Queenstown,25,7.75
Third,Male,Yes,Youth,None,Cheap,0,0,Southampton,21,7.775
Third,Male,No,Youth,None,Cheap,0,0,Southampton,23,8.05
Third,Male,No,Youth,None,Cheap,0,0,Southampton,24,7.8958
Third,Male,No,Youth,None,Cheap,0,0,Southampton,21,7.8958
Third,Male,No,Youth,None,Cheap,0,0,Southampton,28,7.8958
Third,Male,No,Youth,None,Cheap,0,0,Southampton,25,7.8958
Third,Female,Yes,Youth,None,Cheap,0,0,Queenstown,25,7.8792
Third,Male,No,Youth,None,Cheap,0,0,Southampton,25,7.65
Third,Male,Yes,Child,Few,Cheap,0,1,Southampton,6,12.475
Third,Female,Yes,Youth,Few,Cheap,0,1,Southampton,27,12.475
Third,Male,No,Youth,None,Cheap,0,0,Southampton,25,8.05
Third,Female,Yes,Youth,Few,Cheap,1,0,Queenstown,23,24.15
Third,Male,No,Youth,Few,Cheap,1,0,Queenstown,25,24.15
Third,Male,No,Youth,None,Cheap,0,0,Queenstown,22,8.4583
Third,Male,No,Adult,None,Cheap,0,0,Southampton,34,8.05
Third,Male,No,Youth,None,Cheap,0,0,Queenstown,25,7.75
Third,Male,Yes,Youth,None,Cheap,0,0,Southampton,27,7.775
Third,Male,Yes,Child,Few,Cheap,1,1,Cherbourg,8,15.2458
Third,Male,Yes,Child,Few,Cheap,1,1,Cherbourg,9,15.2458
Third,Female,Yes,Youth,Few,Cheap,0,2,Cherbourg,28,15.2458
Third,Female,Yes,Youth,None,Cheap,0,0,Cherbourg,22,7.2292
Third,Male,No,Youth,None,Cheap,0,0,Southampton,25,8.05
Third,Female,Yes,Youth,None,Cheap,0,0,Queenstown,25,7.7333
Third,Female,Yes,Youth,None,Cheap,0,0,Queenstown,24,7.75
Third,Male,No,Youth,None,Cheap,0,0,Southampton,25,8.05
Third,Female,Yes,Youth,Few,Cheap,1,0,Queenstown,24,15.5
Third,Female,Yes,Youth,Few,Cheap,1,0,Queenstown,27,15.5
Third,Female,Yes,Youth,None,Cheap,0,0,Queenstown,25,15.5
Third,Male,No,Teen,None,Cheap,0,0,Southampton,18,7.75
Third,Male,No,Youth,None,Cheap,0,0,Southampton,22,7.8958
Third,Female,Yes,Teen,None,Cheap,0,0,Cherbourg,15,7.225
Third,Female,Yes,Baby,Few,Cheap,0,2,Cherbourg,1,15.7417
Third,Male,Yes,Youth,Few,Cheap,1,1,Cherbourg,20,15.7417
Third,Female,Yes,Youth,Few,Cheap,1,1,Cherbourg,19,15.7417
Third,Male,No,Adult,None,Cheap,0,0,Southampton,33,8.05
Third,Male,No,Youth,None,Cheap,0,0,Southampton,25,7.8958
Third,Male,No,Youth,None,Cheap,0,0,Cherbourg,27,7.2292
Third,Female,No,Youth,None,Cheap,0,0,Queenstown,27,7.75
Third,Male,No,Youth,None,Cheap,0,0,Southampton,24,7.8958
Third,Male,Yes,Teen,Few,Cheap,1,0,Cherbourg,12,11.2417
Third,Female,Yes,Teen,Few,Cheap,1,0,Cherbourg,14,11.2417
Third,Female,No,Youth,None,Cheap,0,0,Southampton,29,7.925
Third,Male,No,Youth,None,Cheap,0,0,Southampton,28,8.05
Third,Female,Yes,Teen,None,Cheap,0,0,Southampton,18,7.775
Third,Female,Yes,Youth,None,Cheap,0,0,Southampton,26,7.8542
Third,Male,No,Youth,None,Cheap,0,0,Southampton,21,7.8542
Third,Male,No,Adult,None,Cheap,0,0,Southampton,41,7.125
Third,Male,Yes,Adult,None,Cheap,0,0,Southampton,39,7.925
Third,Male,No,Youth,None,Cheap,0,0,Southampton,21,7.8
Third,Male,No,Youth,None,Cheap,0,0,Cherbourg,28.5,7.2292
Third,Female,Yes,Youth,None,Cheap,0,0,Southampton,22,7.75
Third,Male,No,Adult,None,Cheap,0,0,Southampton,61,6.2375
Third,Male,No,Youth,Few,Cheap,1,0,Queenstown,25,15.5
Third,Male,No,Youth,None,Cheap,0,0,Queenstown,23,7.8292
Third,Female,Yes,Youth,Few,Cheap,1,0,Queenstown,26,15.5
Third,Male,No,Youth,None,Cheap,0,0,Queenstown,25,7.7333
Third,Male,No,Youth,None,Cheap,0,0,Queenstown,24,7.75
Third,Male,No,Youth,None,Cheap,0,0,Queenstown,25,7.75
Third,Male,No,Youth,None,Cheap,0,0,Southampton,23,9.225
Third,Female,No,Youth,None,Cheap,0,0,Queenstown,25,7.75
Third,Female,Yes,Youth,None,Cheap,0,0,Queenstown,24,7.75
Third,Female,Yes,Youth,None,Cheap,0,0,Queenstown,26,7.8792
Third,Female,Yes,Youth,None,Cheap,0,0,Southampton,22,7.775
Third,Male,Yes,Youth,None,Cheap,0,0,Queenstown,25,7.75
Third,Female,Yes,Youth,None,Cheap,0,0,Queenstown,20,7.8292
Third,Male,Yes,Child,Few,Cheap,0,1,Southampton,9,3.1708
Third,Male,No,Youth,None,Cheap,0,0,Southampton,28,22.525
Third,Male,No,Adult,Few,Cheap,0,1,Southampton,42,8.4042
Third,Male,No,Youth,None,Cheap,0,0,Southampton,22,7.3125
Third,Female,No,Adult,None,Cheap,0,0,Southampton,31,7.8542
Third,Male,No,Youth,None,Cheap,0,0,Southampton,28,7.8542
Third,Male,Yes,Adult,None,Cheap,0,0,Southampton,32,7.775
Third,Male,No,Youth,None,Cheap,0,0,Southampton,20,9.225
Third,Female,No,Youth,None,Cheap,0,0,Southampton,23,8.6625
Third,Female,No,Youth,None,Cheap,0,0,Southampton,20,8.6625
Third,Male,No,Youth,None,Cheap,0,0,Southampton,20,8.6625
Third,Male,No,Teen,None,Cheap,0,0,Southampton,16,9.2167
Third,Female,Yes,Adult,None,Cheap,0,0,Southampton,31,8.6833
Third,Female,No,Youth,None,Cheap,0,0,Queenstown,26,7.6292
Third,Male,No,Child,Few,Cheap,3,1,Southampton,2,21.075
Third,Male,No,Child,Few,Cheap,3,1,Southampton,6,21.075
Third,Female,No,Child,Few,Cheap,3,1,Southampton,3,21.075
Third,Female,No,Child,Few,Cheap,3,1,Southampton,8,21.075
Third,Female,No,Youth,Few,Cheap,0,4,Southampton,29,21.075
Third,Male,No,Baby,Many,Cheap,4,1,Southampton,1,39.6875
Third,Male,No,Child,Many,Cheap,4,1,Southampton,7,39.6875
Third,Male,No,Child,Many,Cheap,4,1,Southampton,2,39.6875
Third,Male,No,Teen,Many,Cheap,4,1,Southampton,16,39.6875
Third,Male,No,Teen,Many,Cheap,4,1,Southampton,14,39.6875
Third,Female,No,Adult,Many,Cheap,0,5,Southampton,41,39.6875
Third,Male,No,Youth,None,Cheap,0,0,Southampton,21,8.6625
Third,Male,No,Youth,None,Cheap,0,0,Southampton,19,14.5
Third,Male,No,Youth,None,Cheap,0,0,Cherbourg,25,8.7125
Third,Male,No,Adult,None,Cheap,0,0,Southampton,32,7.8958
Third,Male,No,Baby,Few,Cheap,1,1,Southampton,0.75,13.775
Third,Female,No,Child,Few,Cheap,1,1,Southampton,3,13.775
Third,Female,No,Youth,Few,Cheap,0,2,Southampton,26,13.775
Third,Male,No,Youth,None,Cheap,0,0,Southampton,25,7
Third,Male,No,Youth,None,Cheap,0,0,Southampton,23,7.775
Third,Male,No,Youth,None,Cheap,0,0,Southampton,25,8.05
Third,Male,No,Youth,None,Cheap,0,0,Southampton,21,7.925
Third,Male,No,Youth,None,Cheap,0,0,Southampton,25,7.925
Third,Male,No,Youth,None,Cheap,0,0,Southampton,22,7.25
Third,Male,Yes,Youth,Few,Cheap,1,0,Southampton,25,7.775
Third,Male,Yes,Youth,Few,Cheap,1,1,Cherbourg,25,22.3583
Third,Female,Yes,Youth,Few,Cheap,1,1,Cherbourg,23,22.3583
Third,Female,Yes,Youth,Few,Cheap,0,2,Cherbourg,26,22.3583
Third,Female,No,Youth,None,Cheap,0,0,Queenstown,26,8.1375
Third,Male,No,Youth,None,Cheap,0,0,Southampton,24,8.05
Third,Female,No,Youth,None,Cheap,0,0,Southampton,28,7.8958
Third,Male,No,Youth,None,Cheap,0,0,Southampton,19,7.8958
Third,Male,No,Youth,None,Cheap,0,0,Southampton,25,7.8958
Third,Male,No,Youth,Few,Cheap,1,0,Southampton,25,7.775
Third,Female,No,Teen,None,Cheap,0,0,Southampton,18,7.775
Third,Male,Yes,Adult,None,Cheap,0,0,Southampton,32,8.05
Third,Male,No,Youth,None,Cheap,0,0,Southampton,24,7.8958
Third,Male,No,Teen,None,Cheap,0,0,Southampton,17,8.6625
Third,Male,No,Youth,None,Cheap,0,0,Southampton,24,8.6625
Third,Male,No,Adult,None,Cheap,0,0,Southampton,31,7.8958
Third,Female,No,Youth,None,Cheap,0,0,Southampton,24,8.1125
Third,Male,No,Youth,None,Cheap,0,0,Cherbourg,28,7.2292
Third,Male,No,Adult,None,Cheap,0,0,Southampton,30,7.25
Third,Male,No,Adult,None,Cheap,0,0,Southampton,38,7.8958
Third,Male,No,Youth,None,Cheap,0,0,Southampton,21,8.05
Third,Male,No,Child,Many,Cheap,4,1,Queenstown,10,29.125
Third,Male,No,Child,Many,Cheap,4,1,Queenstown,4,29.125
Third,Male,No,Child,Many,Cheap,4,1,Queenstown,7,29.125
Third,Male,No,Child,Many,Cheap,4,1,Queenstown,2,29.125
Third,Male,No,Child,Many,Cheap,4,1,Queenstown,8,29.125
Third,Female,No,Adult,Many,Cheap,0,5,Queenstown,39,29.125
Third,Female,No,Youth,None,Cheap,0,0,Southampton,22,39.6875
Third,Male,No,Adult,None,Cheap,0,0,Southampton,35,7.125
Third,Female,Yes,Youth,None,Cheap,0,0,Queenstown,22,7.7208
Third,Male,No,Adult,None,Cheap,0,0,Southampton,40,14.5
Third,Female,No,Adult,None,Cheap,0,0,Southampton,36,14.5
Third,Male,No,Adult,Few,Cheap,1,0,Southampton,50,14.5
Third,Female,No,Adult,Few,Cheap,1,0,Southampton,47,14.5
Third,Male,No,Youth,None,Cheap,0,0,Southampton,23,8.05
Third,Male,No,Youth,None,Cheap,0,0,Southampton,25,7.775
Third,Female,No,Child,Few,Cheap,1,1,Southampton,2,20.2125
Third,Male,No,Teen,Few,Cheap,1,1,Southampton,18,20.2125
Third,Female,No,Adult,Few,Cheap,0,2,Southampton,41,20.2125
Third,Female,Yes,Youth,None,Cheap,0,0,Southampton,24,8.05
Third,Male,No,Adult,None,Cheap,0,0,Southampton,50,8.05
Third,Male,No,Teen,None,Cheap,0,0,Southampton,16,8.05
Third,Male,Yes,Youth,None,Cheap,0,0,Queenstown,24,7.75
Third,Male,No,Youth,None,Cheap,0,0,Queenstown,25,24.15
Third,Male,No,Adult,None,Cheap,0,0,Cherbourg,33,7.2292
Third,Male,No,Youth,None,Cheap,0,0,Cherbourg,25,7.225
Third,Male,No,Youth,None,Cheap,0,0,Cherbourg,28,7.225
Third,Male,No,Youth,None,Cheap,0,0,Queenstown,22,7.7292
Third,Male,No,Youth,None,Cheap,0,0,Southampton,25,7.575
Third,Male,No,Adult,None,Cheap,0,0,Southampton,38.5,7.25
Third,Male,No,Teen,Many,Cheap,8,2,Southampton,14.5,69.55
Third,Male,No,Teen,Many,Cheap,8,2,Southampton,14.5,69.55
Third,Female,No,Teen,Many,Cheap,8,2,Southampton,14.5,69.55
Third,Female,No,Teen,Many,Cheap,8,2,Southampton,14.5,69.55
Third,Female,No,Teen,Many,Cheap,8,2,Southampton,14.5,69.55
Third,Female,No,Teen,Many,Cheap,8,2,Southampton,14.5,69.55
Third,Male,No,Teen,Many,Cheap,8,2,Southampton,14.5,69.55
Third,Male,No,Teen,Many,Cheap,8,2,Southampton,14.5,69.55
Third,Male,No,Teen,Many,Cheap,8,2,Southampton,14.5,69.55
Third,Male,No,Teen,Many,Cheap,1,9,Southampton,14.5,69.55
Third,Female,No,Teen,Many,Cheap,1,9,Southampton,14.5,69.55
Third,Male,No,Youth,None,Cheap,0,0,Southampton,24,9.325
Third,Female,Yes,Youth,None,Cheap,0,0,Southampton,21,7.65
Third,Male,No,Adult,None,Cheap,0,0,Southampton,39,7.925
Third,Male,No,Youth,Few,Cheap,2,0,Cherbourg,22,21.6792
Third,Male,No,Youth,Few,Cheap,2,0,Cherbourg,23,21.6792
Third,Male,No,Youth,Few,Cheap,2,0,Cherbourg,26,21.6792
Third,Female,Yes,Baby,Few,Cheap,1,1,Southampton,1,16.7
Third,Female,Yes,Youth,Few,Cheap,0,2,Southampton,24,16.7
Third,Female,Yes,Child,Few,Cheap,1,1,Southampton,4,16.7
Third,Male,Yes,Youth,None,Cheap,0,0,Southampton,25,9.5
Third,Male,No,Youth,None,Cheap,0,0,Southampton,20,8.05
Third,Male,No,Youth,None,Cheap,0,0,Southampton,24.5,8.05
Third,Male,No,Youth,None,Cheap,0,0,Queenstown,25,7.725
Third,Male,No,Youth,None,Cheap,0,0,Southampton,23,7.8958
Third,Male,No,Youth,None,Cheap,0,0,Queenstown,25,7.75
Third,Male,Yes,Youth,None,Cheap,0,0,Southampton,29,9.5
Third,Male,No,Youth,None,Cheap,0,0,Southampton,25,15.1
Third,Female,Yes,Youth,None,Cheap,0,0,Queenstown,25,7.7792
Third,Male,No,Youth,None,Cheap,0,0,Southampton,26,8.05
Third,Male,No,Youth,None,Cheap,0,0,Southampton,27,8.05
Third,Male,No,Youth,None,Cheap,0,0,Cherbourg,22,7.2292
Third,Male,No,Youth,None,Cheap,0,0,Southampton,24,8.05
Third,Male,No,Adult,None,Cheap,0,0,Southampton,40,7.8958
Third,Male,No,Youth,None,Cheap,0,0,Southampton,21,7.925
Third,Female,Yes,Teen,None,Cheap,0,0,Southampton,18,7.4958
Third,Male,No,Child,Many,Cheap,3,2,Southampton,4,27.9
Third,Male,No,Child,Many,Cheap,3,2,Southampton,10,27.9
Third,Female,No,Child,Many,Cheap,3,2,Southampton,9,27.9
Third,Female,No,Child,Many,Cheap,3,2,Southampton,2,27.9
Third,Male,No,Adult,Many,Cheap,1,4,Southampton,40,27.9
Third,Female,No,Adult,Many,Cheap,1,4,Southampton,45,27.9
Third,Male,No,Youth,None,Cheap,0,0,Southampton,25,7.8958
Third,Male,No,Youth,None,Cheap,0,0,Southampton,25,8.05
Third,Male,No,Youth,None,Cheap,0,0,Southampton,22,8.6625
Third,Male,No,Youth,None,Cheap,0,0,Queenstown,29,7.75
Third,Female,Yes,Youth,None,Cheap,0,0,Queenstown,22,7.7333
Third,Male,No,Youth,None,Cheap,0,0,Southampton,19,7.65
Third,Male,No,Adult,None,Cheap,0,0,Southampton,30,8.05
Third,Male,No,Youth,None,Cheap,0,0,Southampton,25,8.05
Third,Male,No,Adult,None,Cheap,0,0,Southampton,32,8.05
Third,Male,No,Youth,None,Cheap,0,0,Southampton,25,7.8958
Third,Male,No,Adult,None,Cheap,0,0,Cherbourg,33,8.6625
Third,Female,Yes,Youth,None,Cheap,0,0,Southampton,23,7.55
Third,Male,No,Youth,None,Cheap,0,0,Southampton,21,8.05
Third,Male,No,Adult,None,Cheap,0,0,Southampton,60.5,7.725
Third,Male,No,Youth,None,Cheap,0,0,Southampton,19,7.8958
Third,Female,No,Youth,None,Cheap,0,0,Southampton,22,9.8375
Third,Male,Yes,Adult,None,Cheap,0,0,Southampton,31,7.925
Third,Male,No,Youth,None,Cheap,0,0,Southampton,27,8.6625
Third,Female,No,Child,Few,Cheap,0,1,Southampton,2,10.4625
Third,Female,No,Youth,Few,Cheap,1,1,Southampton,29,10.4625
Third,Male,Yes,Teen,None,Cheap,0,0,Southampton,16,8.05
Third,Male,Yes,Adult,None,Cheap,0,0,Southampton,44,7.925
Third,Male,No,Youth,None,Cheap,0,0,Southampton,25,7.05
Third,Male,No,Senior,None,Cheap,0,0,Southampton,74,7.775
Third,Male,Yes,Teen,None,Cheap,0,0,Southampton,14,9.225
Third,Male,No,Youth,None,Cheap,0,0,Southampton,24,7.7958
Third,Male,Yes,Youth,None,Cheap,0,0,Southampton,25,7.7958
Third,Male,No,Adult,None,Cheap,0,0,Southampton,34,8.05
Third,Male,Yes,Baby,Few,Cheap,0,1,Cherbourg,0.4167,8.5167
Third,Male,No,Youth,Few,Cheap,1,0,Cherbourg,25,6.4375
Third,Male,No,Youth,None,Cheap,0,0,Cherbourg,22,6.4375
Third,Male,No,Adult,None,Cheap,0,0,Cherbourg,30,7.225
Third,Female,Yes,Teen,Few,Cheap,1,1,Cherbourg,16,8.5167
Third,Male,No,Youth,None,Cheap,0,0,Southampton,25,8.05
Third,Male,No,Adult,Few,Cheap,1,0,Southampton,35,16.1
Third,Female,Yes,Youth,Few,Cheap,1,0,Southampton,28,16.1
Third,Male,No,Adult,None,Cheap,0,0,Southampton,32,7.925
Third,Male,No,Youth,None,Cheap,0,0,Queenstown,28,7.75
Third,Male,No,Youth,None,Cheap,0,0,Southampton,25,7.8958
Third,Male,No,Adult,None,Cheap,0,0,Southampton,30.5,8.05
Third,Male,No,Adult,None,Cheap,0,0,Southampton,44,8.05
Third,Male,No,Youth,None,Cheap,0,0,Cherbourg,29,7.2292
Third,Male,Yes,Youth,None,Cheap,0,0,Southampton,25,0
Third,Male,No,Youth,None,Cheap,0,0,Cherbourg,28,7.2292
Third,Male,Yes,Child,Few,Cheap,1,1,Cherbourg,7,15.2458
Third,Female,Yes,Child,Few,Cheap,1,1,Cherbourg,9,15.2458
Third,Female,Yes,Youth,Few,Cheap,0,2,Cherbourg,29,15.2458
Third,Male,No,Adult,None,Cheap,0,0,Southampton,36,7.8958
Third,Female,Yes,Teen,None,Cheap,0,0,Southampton,18,9.8417
Third,Female,Yes,Adult,None,Cheap,0,0,Southampton,63,9.5875
Third,Male,No,Youth,Few,Cheap,1,1,Southampton,19,14.5
Third,Male,No,Child,Few,Cheap,1,1,Southampton,11.5,14.5
Third,Male,No,Adult,Few,Cheap,0,2,Southampton,40.5,14.5
Third,Female,No,Child,Few,Cheap,0,2,Southampton,10,24.15
Third,Male,No,Adult,Few,Cheap,1,1,Southampton,36,24.15
Third,Female,No,Adult,Few,Cheap,1,1,Southampton,30,24.15
Third,Male,No,Youth,None,Cheap,0,0,Southampton,25,9.5
Third,Male,No,Adult,None,Cheap,0,0,Southampton,33,9.5
Third,Male,No,Youth,None,Cheap,0,0,Southampton,28,9.5
Third,Male,No,Youth,None,Cheap,0,0,Southampton,28,9.5
Third,Male,No,Adult,None,Cheap,0,0,Southampton,47,9
Third,Female,No,Teen,Few,Cheap,2,0,Southampton,18,18
Third,Male,No,Adult,Few,Cheap,3,0,Southampton,31,18
Third,Male,No,Teen,Few,Cheap,2,0,Southampton,16,18
Third,Female,No,Adult,Few,Cheap,1,0,Southampton,31,18
Third,Male,Yes,Youth,None,Cheap,0,0,Cherbourg,22,7.225
Third,Male,No,Youth,None,Cheap,0,0,Southampton,20,7.8542
Third,Female,No,Teen,None,Cheap,0,0,Southampton,14,7.8542
Third,Male,No,Youth,None,Cheap,0,0,Southampton,22,7.8958
Third,Male,No,Youth,None,Cheap,0,0,Southampton,22,9
Third,Male,No,Youth,None,Cheap,0,0,Southampton,24,8.05
Third,Male,No,Youth,None,Cheap,0,0,Southampton,28,7.55
Third,Male,No,Youth,None,Cheap,0,0,Southampton,25,8.05
Third,Male,No,Adult,None,Cheap,0,0,Southampton,32.5,9.5
Third,Female,Yes,Adult,None,Cheap,0,0,Cherbourg,38,7.2292
Third,Male,No,Adult,None,Cheap,0,0,Southampton,51,7.75
Third,Male,No,Teen,Few,Cheap,1,0,Southampton,18,6.4958
Third,Male,No,Youth,Few,Cheap,1,0,Southampton,21,6.4958
Third,Female,Yes,Adult,Few,Cheap,1,0,Southampton,47,7
Third,Male,No,Youth,None,Cheap,0,0,Southampton,25,8.7125
Third,Male,No,Youth,None,Cheap,0,0,Southampton,29,7.55
Third,Male,No,Youth,None,Cheap,0,0,Southampton,25,8.05
Third,Male,No,Youth,None,Cheap,0,0,Southampton,28.5,16.1
Third,Male,No,Youth,None,Cheap,0,0,Southampton,21,7.25
Third,Male,No,Youth,None,Cheap,0,0,Southampton,27,8.6625
Third,Male,No,Youth,None,Cheap,0,0,Southampton,25,7.25
Third,Male,No,Adult,None,Cheap,0,0,Southampton,36,9.5
Third,Male,No,Youth,Few,Cheap,1,0,Cherbourg,27,14.4542
Third,Female,Yes,Teen,Few,Cheap,1,0,Cherbourg,15,14.4542
Third,Male,No,Adult,None,Cheap,0,0,Cherbourg,45.5,7.225
Third,Male,No,Adult,None,Cheap,0,0,Cherbourg,34,7.225
Third,Male,No,Adult,None,Cheap,0,0,Cherbourg,45.5,14.4583
Third,Female,No,Teen,Few,Cheap,1,0,Cherbourg,14.5,14.4542
Third,Female,No,Teen,Few,Cheap,1,0,Cherbourg,14,14.4542
Third,Male,No,Youth,None,Cheap,0,0,Cherbourg,26.5,7.225
Third,Male,No,Youth,None,Cheap,0,0,Cherbourg,27,7.225
Third,Male,No,Youth,None,Cheap,0,0,Southampton,29,7.875
